Kód přihlášky;Číslo přihlášky;Jméno;Příjmení;Titul;Titul za jménem; Rodné číslo;Číslo OP nebo číslo pasu;Telefon;Email;Adresa - ulice;Adresa - číslo ulice;Adresa - část obce;Adresa - obec;Adresa - pošta;Adresa - PSČ;Adresa - země;Adresa : tisk 1.řádek;Adresa : tisk 2.řádek;Adresa : tisk 3.řádek;Adresa : tisk 4.řádek;Adresa : tisk 5.řádek;Adresa kontaktní - ulice;Adresa kontaktní - číslo ulice;Adresa kontaktní - část obce;Adresa kontaktní - obec;Adresa kontaktní - PSČ;Adresa kontaktní - pošta;Adresa kontaktní - země;Adresa kontaktní : tisk 1.řádek;Adresa kontaktní : tisk 2.řádek;Adresa kontaktní : tisk 3.řádek;Adresa kontaktní : tisk 4.řádek;Adresa kontaktní : tisk 5.řádek;Typ programu;Forma studia;Studijní program;Typ přihl.;Hodnocení 1;Hodnocení 2;Hodnocení 3;Hodnocení 4;Hodnocení 5;Hodnocení 6;Hodnoceni 7;Hodnoceni 8;Hodnoceni 9;Hodnoceni 10
79630675;1;Jiří;Straka;;;9211210668;110825966;723027285;jirrii@gmail.com;U Skály I;351;;Hudlice;;26703;Česká republika;Jiří Straka ;U Skály I 351;26703 Hudlice;;;U Skály I;351;;Hudlice;26703;;Česká republika;Jiří Straka ;U Skály I 351;26703 Hudlice;;;B;P;BI;P;;;;;;;;;;
73935282;2;Jaroslav;Beran;;;8803140060;111352448;737103323;jara.beran@gmail.com;Sadová;36;;Jesenice;;25242;Česká republika;Jaroslav Beran ;Sadová 36;25242 Jesenice u Prahy;;;Sadová;36;;Jesenice;25242;;Česká republika;Jaroslav Beran ;Sadová 36;25242 Jesenice u Prahy;;;B;P;BI;P;;;1;;;;;;;
62637340;3;Rinat;Sharibzhanov;;;80120321V2;AKO29328;4,20774E+11;balkiya@gostudy.cz;Natalii Uzhvi;82;;;;;Ukrajina;Rinat Sharibzhanov ;Natalii Uzhvi 82;      Charkov;;UKRAJINA;Washingtonova;25;;Praha;11000;;Česká republika;Rinat Sharibzhanov ;Washingtonova 25;11000 Praha 1;;;B;K;BI;P;;;;;;;;;;
37216007;4;Martin;Jelínek;;;9002150333;111172649;732458958;icecooler@volny.cz;Jílovská;422;;Praha;;14200;Česká republika;Martin Jelínek ;Jílovská 422;14200 Praha 411;;;Jílovská;422;;Praha;14200;;Česká republika;Martin Jelínek ;Jílovská 422;14200 Praha 411;;;B;P;BI;P;;;1;;;;;;;
83877231;5;Nurlan;Matsayev;;;85053021V2;N06641357;4,20774E+11;balkiya@gostudy.cz;Basenova;29;;;;;Republika Kazachstán;Nurlan Matsayev ;Basenova 29;      Almaty;;REPUBLIKA KAZACHSTÁN;Washingtonova;25;;Praha;11000;;Česká republika;Nurlan Matsayev ;Washingtonova 25;11000 Praha 1;;;N;P;MI;P;;;;;;;;;;
59992678;6;Fabián;Jech;;;9212192462;110742359;721208262;fafner.cz@gmail.com;Topolčianská;16;;Litoměřice;;41201;Česká republika;Fabián Jech ;Topolčianská 16;41201 Litoměřice 1;;;Topolčianská;16;;Litoměřice;41201;;Česká republika;Fabián Jech ;Topolčianská 16;41201 Litoměřice 1;;;B;P;BI;P;;;;;;;;;;
96858805;7;Jan;Mašek;;;9212100612;111183901;603766969;masek0h8@gmail.com;Krusičany;74;;Týnec nad Sázavou;;25741;Česká republika;Jan Mašek ;Krusičany 74;25741 Týnec nad Sázavou;;;Krusičany;74;;Týnec nad Sázavou;25741;;Česká republika;Jan Mašek ;Krusičany 74;25741 Týnec nad Sázavou;;;B;P;BI;P;;;;;1;;;;;
79379964;8;Viktor;Shushman;;;8504214334;kc379464;4,20776E+11;vitck@seznam.cz;Naberezhna;17;;;;;Ukrajina;Viktor Shushman ;Naberezhna 17;      09800 Tetijiv;;UKRAJINA;Nad Primaskou;1339;;Praha;10000;;Česká republika;Viktor Shushman ;Nad Primaskou 1339;10000 Praha 10;;;B;P;BI;P;;;;;;;;;;
87919165;9;Alexander;Novák;;;93020621V1;ST072025;908420455;alexander.novak@chello.sk;Furdeková;1;;;;85103;Slovenská republika;Alexander Novák ;Furdeková 1;85103 Bratislava;;SLOVENSKÁ REPUBLIKA;Lojovická;253;;Praha;14200;;Česká republika;Alexander Novák ;Lojovická 253;14200 Praha 411;;;B;P;BI;P;;;;;1;;;;;
93371028;10;Roman;Kravtcev;;;92120121V1;712 540 189;776428812;kravtcev@gmail.com;T.Baramzinoj;VI.26;;;;;Ruská federace;Roman Kravtcev ;T.Baramzinoj 6/26;      Iževsk;;RUSKÁ FEDERACE;Na lysině;12;;Praha;14700;;Česká republika;Roman Kravtcev ;Na lysině 12;14700 Praha 47;;;B;P;BI;P;;;;;;;;;;
53432581;11;Ilya;Antonenko;;;92072621V2;N5910296;777140889;kent.kz.krg@mail.ru;Abdirova;28.I;;;;;Republika Kazachstán;Ilya Antonenko ;Abdirova 28/1;      100000, KARAGANDA;;REPUBLIKA KAZACHSTÁN;Na lysině;12;;Praha;14700;;Česká republika;Ilya Antonenko ;Na lysině 12;14700 Praha 47;;;B;P;BI;P;;;;;;;;;;
27324224;12;Evgeniya;Sapegina;;;93610121V1;710 545 971;777141436;ena-93@mail.ru;Anosova;229;;;;;Ruská federace;Evgeniya Sapegina ;Anosova 229;      456205 Zlatoust;;RUSKÁ FEDERACE;Na lysině;12;;Praha;14700;;Česká republika;Evgeniya Sapegina ;Na lysině 12;14700 Praha 47;;;B;P;BI;P;;;;;;;;;;
15353232;13;Evgeny;Konoshenko;;;93030121V2;63 č.7489447;776690621;zety@inbox.ru;Severo-zapad;II.24;;;;;Ruská federace;Evgeny Konoshenko ;Severo-zapad 2/24;      456234 Zlatoust;;RUSKÁ FEDERACE;Na lysině;12;;Praha;14700;;Česká republika;Evgeny Konoshenko ;Na lysině 12;14700 Praha 47;;;B;P;BI;P;;;;;;;;;;
61295411;14;Šárka;Černá;;;8851201337;111093308;723482275;sarkacerna@gmail.com;Pod Hájem;316;;Králův Dvůr;;26701;Česká republika;Šárka Černá ;Pod Hájem 316;26701 Králův Dvůr u Berouna;;;Pod Hájem;316;;Králův Dvůr;26701;;Česká republika;Šárka Černá ;Pod Hájem 316;26701 Králův Dvůr u Berouna;;;N;P;MI;P;;;;;;;;;;
32386236;15;Michal;Daňhelka;;;8708090413;113249293;776143337;Michal.Danhelka@gmail.com;Lidická;1856;;Čelákovice;;25088;Česká republika;Michal Daňhelka ;Lidická 1856;25088 Čelákovice;;;Lidická;1856;;Čelákovice;25088;;Česká republika;Michal Daňhelka ;Lidická 1856;25088 Čelákovice;;;N;P;MI;P;;;;;;;;;;
71444573;16;Monika;Frolcová;;;9359274639;112173932;776671181;MonikaFrolec@seznam.cz;Vlkoš;211;;Vlkoš;;69641;Česká republika;Monika Frolcová ;Vlkoš 211;69641 Vlkoš u Kyjova;;;Vlkoš;211;;Vlkoš;69641;;Česká republika;Monika Frolcová ;Vlkoš 211;69641 Vlkoš u Kyjova;;;B;P;BI;P;;;;;;;;;;
47466057;17;Denis;Solomennikov;;;94092021V1;712 124 675;777124723;denissolomennikov@yandex.ru;Kutuzova;8;;;;;Ruská federace;Denis Solomennikov ;Kutuzova 8;      456870 Kyštym;;RUSKÁ FEDERACE;Generála Píky;2;;Brno;61300;;Česká republika;Denis Solomennikov ;Generála Píky 2;61300 Brno 13;;;B;P;BI;P;;;;;;;;;;
69260429;18;Róbert;Huppmann;Ing.;;7810026114;EB604384;4,20722E+11;rhuppmann@gmail.com;Révová;14;;;;81102;Slovenská republika;Ing.  Róbert Huppmann ;Révová 14;81102 Bratislava;;SLOVENSKÁ REPUBLIKA;Hlavní;195;;Podolanka;25073;;Česká republika;Ing.  Róbert Huppmann ;Hlavní 195;25073 Jenštejn;;;B;K;BI;P;;;;;;;;;;
35656753;19;Ondřej;Exner;;;9305023651;111550920;732549546;ondra.ex@gmail.com;Družstevní;441;;Polička;;57201;Česká republika;Ondřej Exner ;Družstevní 441;57201 Polička;;;Družstevní;441;;Polička;57201;;Česká republika;Ondřej Exner ;Družstevní 441;57201 Polička;;;B;P;BI;P;;;;;;;;;;
89767890;20;Lukáš;Hrnčíř;;;9202291208;113113025;607797504;hrny92@gmail.com;Ostravská;216;;Příbram;;26101;Česká republika;Lukáš Hrnčíř ;Ostravská 216;26101 Příbram 1;;;Ostravská;216;;Příbram;26101;;Česká republika;Lukáš Hrnčíř ;Ostravská 216;26101 Příbram 1;;;B;P;BI;P;;;;;;;;;;
30458638;21;Karel;Klíma;;;7411221422;111037060;606090306;karel.klima@email.cz;Boloňská;603;;Praha;;10900;Česká republika;Karel Klíma ;Boloňská 603;10900 Praha 111;;;Boloňská;603;;Praha;10900;;Česká republika;Karel Klíma ;Boloňská 603;10900 Praha 111;;;B;K;BI;P;;;1;;;;;;;
83127967;22;Michal;Dvořák;;;9304090631;111525293;774974348;d.majkl@centrum.cz;Na Potůčku;701;;Sedlčany;;26401;Česká republika;Michal Dvořák ;Na Potůčku 701;26401 Sedlčany;;;Na Potůčku;701;;Sedlčany;26401;;Česká republika;Michal Dvořák ;Na Potůčku 701;26401 Sedlčany;;;B;P;BI;P;;;;;;;;;;
60393736;23;Michal;Spišiak;;;93102921V1;EB761771;4,21912E+11;boss@hotmail.sk;Mozartova;15;;;;81102;Slovenská republika;Michal Spišiak ;Mozartova 15;81102 Bratislava;;SLOVENSKÁ REPUBLIKA;Mozartova;15;;;81102;;Slovenská republika;Michal Spišiak ;Mozartova 15;81102 Bratislava;;SLOVENSKÁ REPUBLIKA;B;P;BI;P;;;;;;;;;;
75119256;24;Alexander;Erdyakov;;;90020321V1;713596252;79525123488;sa@we1tkind.com;Kaslinskaja;99-23;;;;;Ruská federace;Alexander Erdyakov ;Kaslinskaja 99-23;      454084 Čeljabinsk;;RUSKÁ FEDERACE;Křišťanova;1789/17;;;13000;;;Alexander Erdyakov ;Křišťanova 1789/17;13000 Praha 3;;;B;P;BI;P;;;;;;;;;;
75021176;25;Eva;Vošahlíková;;;9353163127;111442373;775675526;Evik.513@seznam.cz;Zákoutí;214;;Chlumec;;40339;Česká republika;Eva Vošahlíková ;Zákoutí 214;40339 Chlumec u Ústí nad Labem;;;Zákoutí;214;;Chlumec;40339;;Česká republika;Eva Vošahlíková ;Zákoutí 214;40339 Chlumec u Ústí nad Labem;;;B;P;BI;P;;;;;;;;;;
43359964;26;Petr;Prokop;;;9305272746;111538359;775028228;dukeprokop@seznam.cz;Pilínkovská;416;;Liberec;;46312;Česká republika;Petr Prokop ;Pilínkovská 416;46312 Liberec 25;;;Pilínkovská;416;;Liberec;46312;;Česká republika;Petr Prokop ;Pilínkovská 416;46312 Liberec 25;;;B;P;BI;P;;;;;;;;;;
39073702;27;Jakub;Loun;Bc.;;8802276142;114557096;728363800;jakubloun@gmail.com;Bratrská;1739;;Přerov;;75002;Česká republika;Bc.  Jakub Loun ;Bratrská 1739;75002 Přerov 2;;;Ženíškova;2122;;Praha;14900;;Česká republika;Bc.  Jakub Loun ;Ženíškova 2122;14900 Praha 415;;;B;P;BI;P;;;1;;;;;;;
64560966;28;Jan;Valášek;;;9210262479;110661804;775104111;walasek.jan@seznam.cz;Anenská;1169;;Česká Lípa;;47001;Česká republika;Jan Valášek ;Anenská 1169;47001 Česká Lípa 1;;;Anenská;1169;;Česká Lípa;47001;;Česká republika;Jan Valášek ;Anenská 1169;47001 Česká Lípa 1;;;B;P;BI;P;;;;;1;;;;;
17486636;29;Václav;Starý;;;8711090784;115187447;607 962 559;staryvac@gmail.com;Švermovská;296;;Vinařice;;27307;Česká republika;Václav Starý ;Švermovská 296;27307 Vinařice u Kladna;;;Švermovská;296;;Vinařice;27307;;Česká republika;Václav Starý ;Švermovská 296;27307 Vinařice u Kladna;;;N;P;MI;P;;;;;;;;;;
69987003;30;Dominik;Foral;;;9209235222;110830971;608 080 376;foral.d@seznam.cz;Palachova 1798;31;;Žďár nad Sázavou;;59101;Česká republika;Dominik Foral ;Palachova 1798 31;59101 Žďár nad Sázavou 1;;;Palachova 1798;31;;Žďár nad Sázavou;59101;;Česká republika;Dominik Foral ;Palachova 1798 31;59101 Žďár nad Sázavou 1;;;B;P;BI;P;;;;;1;;;;;
56221721;31;Jitka;Bičáková;;;9357022323;111613086;721936403;jitka.bicakova@gmail.com;Dlouhá 688;17;;Horní Slavkov;;35731;Česká republika;Jitka Bičáková ;Dlouhá 688 17;35731 Horní Slavkov;;;Dlouhá 688;17;;Horní Slavkov;35731;;Česká republika;Jitka Bičáková ;Dlouhá 688 17;35731 Horní Slavkov;;;B;P;BI;P;;;;;;;;;;
48754865;32;Dana;Lormuszová;;;9257208521;EB215715;4,21909E+11;danka1992@gmail.com;Očovská cesta;6;;;;96201;Slovenská republika;Dana Lormuszová ;Očovská cesta 6;96201 Zvolenská Slatina;;SLOVENSKÁ REPUBLIKA;Očovská cesta;6;;;96201;;Slovenská republika;Dana Lormuszová ;Očovská cesta 6;96201 Zvolenská Slatina;;SLOVENSKÁ REPUBLIKA;B;P;BI;P;;;;;;;;;;
85307707;33;Petra;Krnáčová;;;9258267733;SL687433;4,21911E+11;petuskak@gmail.com;Jabloňová;32;;;;97405;Slovenská republika;Petra Krnáčová ;Jabloňová 32;97405 Banská Bystrica;;SLOVENSKÁ REPUBLIKA;Jabloňová;32;;;97405;;Slovenská republika;Petra Krnáčová ;Jabloňová 32;97405 Banská Bystrica;;SLOVENSKÁ REPUBLIKA;B;P;BI;P;;;;;;;;;;
97126755;34;Jakub;Ubr;;;9303215240;111480747;607264819;J.Ubr@email.cz;Vysocká;837;;Žďár nad Sázavou;;59101;Česká republika;Jakub Ubr ;Vysocká 837;59101 Žďár nad Sázavou 1;;;Vysocká;837;;Žďár nad Sázavou;59101;;Česká republika;Jakub Ubr ;Vysocká 837;59101 Žďár nad Sázavou 1;;;B;P;BI;P;;;;;;;;;;
87620378;35;Simona;Sárköziová;;;9255190428;109905476;773191939;sarkoziova.simona@gmail.com;kpt. Stránského;1001;;Praha;;19800;Česká republika;Simona Sárköziová ;kpt. Stránského 1001;19800 Praha 98;;;kpt. Stránského;1001;;Praha;19800;;Česká republika;Simona Sárköziová ;kpt. Stránského 1001;19800 Praha 98;;;B;P;BI;P;;;;;;;;;;
80136002;36;Jakub;Rumančík;;;93092821V1;EB903887;4,21917E+11;jrumancik@yahoo.co.nz;Vodná;8;;;;94901;Slovenská republika;Jakub Rumančík ;Vodná 8;94901 Nitra;;SLOVENSKÁ REPUBLIKA;Vodná;8;;;94901;;Slovenská republika;Jakub Rumančík ;Vodná 8;94901 Nitra;;SLOVENSKÁ REPUBLIKA;B;P;BI;P;;;;;1;;;;;
78840804;37;Marianna;Gedrová;;;94612321V1;EA902326;4,21914E+11;somgege@gmail.com;Školská;210;;;;7633;Slovenská republika;Marianna Gedrová ;Školská 210;07633 Slovenské Nové Mesto;;SLOVENSKÁ REPUBLIKA;Školská;210;;;7633;;Slovenská republika;Marianna Gedrová ;Školská 210;07633 Slovenské Nové Mesto;;SLOVENSKÁ REPUBLIKA;B;P;BI;P;;;;;;;;;;
82060374;38;Oldřich;Břinek;;;7508131499;109065883;722190498;olaf.black@email.cz;Sídliště Janštejn;124;;;;58852;Česká republika;Oldřich Břinek ;Sídliště Janštejn 124;58852 Horní Dubenky;;;Sídliště Janštejn;124;;Horní Dubenky;58852;;Česká republika;Oldřich Břinek ;Sídliště Janštejn 124;58852 Horní Dubenky;;;B;K;BI;P;;;1;;;;;;;
23549730;39;Rashad;Abdel-Kerim;;;93021721V1;716 668 400;4,20774E+11;rashad170293@yandex.ru;Chelobitevskoe shosse;10.II;;;;;Ruská federace;Rashad Abdel-Kerim ;Chelobitevskoe shosse 10/2;      Moskva;;RUSKÁ FEDERACE;Revoluční;13;;Praha;11000;;Česká republika;Rashad Abdel-Kerim ;Revoluční 13;11000 Praha 1;;;B;P;BI;P;;;;;;;;;;
80219149;40;Yan;Doroshenko;;;94082521V1;ET064977;4,20774E+11;yan@atlas.ua;Proletarska;1\2;;;;43001;Ukrajina;Yan Doroshenko ;Proletarska 1\2;43001 Lutsk;;UKRAJINA;Volutová;2520/10;;;15000;;;Yan Doroshenko ;Volutová 2520/10;15000 Praha 5;;;B;P;BI;P;;;1;1;;;;;;
57665721;41;Petr;Bělohlávek;;;9301310678;111178678;731012334;petr.bel.3.14@gmail.com;Ve Vilách;624;;Beroun;;26601;Česká republika;Petr Bělohlávek ;Ve Vilách 624;26601 Beroun 1;;;Ve Vilách;624;;Beroun;26601;;Česká republika;Petr Bělohlávek ;Ve Vilách 624;26601 Beroun 1;;;B;P;BI;P;;;;;1;;;;;
97875281;42;Gabriela;Burešová;;;9351040182;111156077;736286994;yellow.cat@email.cz;Tavolníková;1846;;Praha;;14200;Česká republika;Gabriela Burešová ;Tavolníková 1846;14200 Praha 411;;;Tavolníková;1846;;Praha;14200;;Česká republika;Gabriela Burešová ;Tavolníková 1846;14200 Praha 411;;;B;P;BI;P;;;;;;;;;;
59823064;43;Michal;Liška;;;8104094493;115126491;777804017;michal.liska@seznam.cz;Manětínská;23;;Plzeň;;32300;Česká republika;Michal Liška ;Manětínská 23;32300 Plzeň 23;;;Manětínská;23;;Plzeň;32300;;Česká republika;Michal Liška ;Manětínská 23;32300 Plzeň 23;;;B;K;BI;P;;;1;;;;;;;
78827686;44;Lubomír;Verzich;;;9305131088;111494464;723720718;vezir111@centrum.cz;Vikova;1225;;Praha;;14000;Česká republika;Lubomír Verzich ;Vikova 1225;14000 Praha 4;;;Vikova;1225;;Praha;14000;;Česká republika;Lubomír Verzich ;Vikova 1225;14000 Praha 4;;;B;P;BI;P;;;;;;;;;;
42507604;45;Jan;Čech;;;8909231958;113229555;608768547;contact@jancech.cz;Konečná;898;;Karlovy Vary;;36005;Česká republika;Jan Čech ;Konečná 898;36005 Karlovy Vary 5;;;Konečná;898;;Karlovy Vary;36005;;Česká republika;Jan Čech ;Konečná 898;36005 Karlovy Vary 5;;;N;P;MI;P;;;;;;;;;;
92034691;46;Yana;Tsybina;;;92610521V1;710359208;776281911;janamf@seznam.cz;D.Kovalchuk;173;;;;;Ruská federace;Yana Tsybina ;D.Kovalchuk 173;      Novosibirsk;;RUSKÁ FEDERACE;Staropramenná;7;;Praha;15000;;Česká republika;Yana Tsybina ;Staropramenná 7;15000 Praha 5;;;B;P;BI;P;;;1;1;;;;;;
97898949;47;Vojtěch;Bednárik;;;9212226243;111091123;4,20608E+11;bednarik.vojtech@seznam.cz;Horní Jasenka;27;;Vsetín;;75501;Česká republika;Vojtěch Bednárik ;Horní Jasenka 27;75501 Vsetín 1;;;Horní Jasenka;27;;Vsetín;75501;;Česká republika;Vojtěch Bednárik ;Horní Jasenka 27;75501 Vsetín 1;;;B;P;BI;P;;;;;1;;;;;
48118801;48;Ondřej;Koudelka;;;9307152690;111620026;4,20776E+11;ondrej.koudelka@seznam.cz;Lukášovská;14;;Jablonec nad Nisou;;46605;Česká republika;Ondřej Koudelka ;Lukášovská 14;46605 Jablonec nad Nisou 5;;;Lukášovská;14;;Jablonec nad Nisou;46605;;Česká republika;Ondřej Koudelka ;Lukášovská 14;46605 Jablonec nad Nisou 5;;;B;P;BI;P;;;;;;;;;;
95866854;49;Filip;Řeha;;;9303075408;111502136;4,20733E+11;filip.reha@seznam.cz;Lískovec;393;;Frýdek-Místek;;73801;Česká republika;Filip Řeha ;Lískovec 393;73801 Frýdek-Místek 1;;;Lískovec;393;;Frýdek-Místek;73801;;Česká republika;Filip Řeha ;Lískovec 393;73801 Frýdek-Místek 1;;;B;P;BI;P;;;;;1;;;;;
73285830;50;Vojtěch;Kavina;;;9011054712;114320369;775704692;vojtech.kavina@gmail.com;Červené Domky;42;;Jihlava;;58601;Česká republika;Vojtěch Kavina ;Červené Domky 42;58601 Jihlava 1;;;Červené Domky;42;;Jihlava;58601;;Česká republika;Vojtěch Kavina ;Červené Domky 42;58601 Jihlava 1;;;B;P;BI;P;;;1;;;;;;;
73521989;51;Jan;Oplt;;;9305291105;111604016;606040578;HonzaOplt@atlas.cz;Úmyslovice;78;;Úmyslovice;;29001;Česká republika;Jan Oplt ;Úmyslovice 78;29001 Poděbrady;;;Úmyslovice;78;;Úmyslovice;29001;;Česká republika;Jan Oplt ;Úmyslovice 78;29001 Poděbrady;;;B;P;BI;P;;;;;;;;;;
66999778;52;Viktor;Tomaško;Bc.;;8803239423;SP256602;4,20776E+11;viktor.tomasko@seznam.cz;Odbojárska;41;;;;8271;Slovenská republika;Bc.  Viktor Tomaško ;Odbojárska 41;08271 Lipany;;SLOVENSKÁ REPUBLIKA;Slávy Horníka;16;;Praha;15000;;Česká republika;Bc.  Viktor Tomaško ;Slávy Horníka 16;15000 Praha 5;;;N;P;MI;P;;;;;;;;;;
77766533;53;Jan;Dufek;;;9008091840;113968921;737113598;honza.dufek@klikni.cz;Babylon;126;;Babylon;;34401;Česká republika;Jan Dufek ;Babylon 126;34401 Domažlice 1;;;Babylon;126;;Babylon;34401;;Česká republika;Jan Dufek ;Babylon 126;34401 Domažlice 1;;;N;P;MI;P;;;;;;;;;;
28190983;54;Jan;Strnad;;;9004246152;113844291;728756477;strnaj11@fit.cvut.cz;Okružní;508;;Vikýřovice;;78813;Česká republika;Jan Strnad ;Okružní 508;78813 Vikýřovice;;;Okružní;508;;Vikýřovice;78813;;Česká republika;Jan Strnad ;Okružní 508;78813 Vikýřovice;;;N;P;MI;P;;;;;;;;;;
87065278;55;Tomáš;Horák;;;9209223364;114660440;776220900;h.o.r.a.k.t@seznam.cz;Orel;265;;Orel;;53821;Česká republika;Tomáš Horák ;Orel 265;53821 Slatiňany;;;Orel;265;;Orel;53821;;Česká republika;Tomáš Horák ;Orel 265;53821 Slatiňany;;;B;P;BI;P;;;;;1;;;;;
50550203;56;Martin;Zástěra;;;9302123039;111198052;737478279;Zasterka13@seznam.cz;Pražská;2979;;Teplice;;41501;Česká republika;Martin Zástěra ;Pražská 2979;41501 Teplice 1;;;Pražská;2979;;Teplice;41501;;Česká republika;Martin Zástěra ;Pražská 2979;41501 Teplice 1;;;B;P;BI;P;;;;;;;;;;
64994314;57;Marek;Koželský;;;9308083224;111850356;604590746;kozelskymarek@seznam.cz;Zoufalka II;1017;;Ledeč nad Sázavou;;58401;Česká republika;Marek Koželský ;Zoufalka II 1017;58401 Ledeč nad Sázavou;;;Zoufalka II;1017;;Ledeč nad Sázavou;58401;;Česká republika;Marek Koželský ;Zoufalka II 1017;58401 Ledeč nad Sázavou;;;B;P;BI;P;;;;;;;;;;
39609786;58;Jakub;Vozár;;;7805174619;112589103;605297150;jakub.vozar@atlas.cz;Bryksova;762;;Praha;;19800;Česká republika;Jakub Vozár ;Bryksova 762;19800 Praha 98;;;Bryksova;762;;Praha;19800;;Česká republika;Jakub Vozár ;Bryksova 762;19800 Praha 98;;;B;K;BI;P;;;1;;;;;;;
17123510;59;Jiří;Ostatnický;;;8904213197;112937453;732814873;ostatnicky@gmail.com;F. A. Jelínka;1015;;Světlá nad Sázavou;;58291;Česká republika;Jiří Ostatnický ;F. A. Jelínka 1015;58291 Světlá nad Sázavou;;;F. A. Jelínka;1015;;Světlá nad Sázavou;58291;;Česká republika;Jiří Ostatnický ;F. A. Jelínka 1015;58291 Světlá nad Sázavou;;;N;P;MI;P;;;;;;;;;;
52759246;60;Jiří;Malina;;;8911190156;113417283;4,20737E+11;malinajirka@gmail.com;Kloboukova;1202;;Praha;;14800;Česká republika;Jiří Malina ;Kloboukova 1202;14800 Praha 414;;;Kloboukova;1202;;Praha;14800;;Česká republika;Jiří Malina ;Kloboukova 1202;14800 Praha 414;;;N;P;MI;P;;;;;;;;;;
21015970;61;Martin;Hřebejk;;;7208220481;115159527;420 603 280 016;hrebejk@datasys.cz;Vondroušova;1199;;Praha;;16300;Česká republika;Martin Hřebejk ;Vondroušova 1199;16300 Praha 618;;;Bylany;117;;Chrášťany;28201;;Česká republika;Martin Hřebejk ;Bylany 117;28201 Český Brod;;;B;K;BI;P;;;1;;;;;;;
61493090;62;Ievgeniia;Muromets;;;87622421V2;EE537206;4,20608E+11;usersoul@gmail.com;Dekanska;269;;Praha;;14000;Česká republika;Ievgeniia Muromets ;Dekanska 269;14000 Praha 4;;;Děkanská;269;;Praha;14000;;Česká republika;Ievgeniia Muromets ;Děkanská 269;14000 Praha 4;;;B;P;BI;P;;;;;;;;;;
54459205;63;Katarína;Sladkovská;;;9259156511;SL721147;948119915;slad.katka@gmail.com;Strojnícka;7;;;;821 05;Slovenská republika;Katarína Sladkovská ;Strojnícka 7;821 0 Bratislava;;SLOVENSKÁ REPUBLIKA;Strojnícka;7;;;821 05;;Slovenská republika;Katarína Sladkovská ;Strojnícka 7;821 0 Bratislava;;SLOVENSKÁ REPUBLIKA;B;P;BI;P;;;;;;;;;;
66529822;64;Petra;Tisovská;;;9261203281;110861299;776812612;petra.tisovska@gmail.com;"Mladějov;";64;;Mladějov;;50745;Česká republika;Petra Tisovská ;"Mladějov; 64";50745 Mladějov v Čechách;;;"Mladějov;";64;;Mladějov;50745;;Česká republika;Petra Tisovská ;"Mladějov; 64";50745 Mladějov v Čechách;;;B;P;BI;P;;;;;;;;;;
34054646;65;Tomáš;Korel;;;9307030898;111702591;724685394;t.korel@seznam.cz;Na Pohoří;794;;Zruč nad Sázavou;;28522;Česká republika;Tomáš Korel ;Na Pohoří 794;28522 Zruč nad Sázavou 1;;;Na Pohoří;794;;Zruč nad Sázavou;28522;;Česká republika;Tomáš Korel ;Na Pohoří 794;28522 Zruč nad Sázavou 1;;;B;P;BI;P;;;;;;;;;;
72263944;66;Daniel;Janda;;;9206163263;110546632;734837773;janda.danda@seznam.cz;Kvíčala;65;;Úpice;;54232;Česká republika;Daniel Janda ;Kvíčala 65;54232 Úpice;;;Kvíčala;65;;Úpice;54232;;Česká republika;Daniel Janda ;Kvíčala 65;54232 Úpice;;;B;P;BI;P;;;;;;;;;;
33871785;67;Ladislav;Hrubeš;;;9212250718;111183994;732326669;lada.hrubes@seznam.cz;Francouzská;2455;;Kladno;;27201;Česká republika;Ladislav Hrubeš ;Francouzská 2455;27201 Kladno 1;;;Francouzská;2455;;Kladno;27201;;Česká republika;Ladislav Hrubeš ;Francouzská 2455;27201 Kladno 1;;;B;P;BI;P;;;;;;;;;;
60420377;68;Tomáš;Duda;;;9209100307;110489709;608210390;tomasduda@seznam.cz;Lamačova;837;;Praha;;15200;Česká republika;Tomáš Duda ;Lamačova 837;15200 Praha 52;;;Lamačova;837;;Praha;15200;;Česká republika;Tomáš Duda ;Lamačova 837;15200 Praha 52;;;B;P;BI;P;;;;;;;;;;
18254989;69;Michal;Pavlina;;;8208210703;110080558;602326287;pavlina.michal@seznam.cz;Hájecká;161;;Unhošť;;27351;Česká republika;Michal Pavlina ;Hájecká 161;27351 Unhošť;;;Hájecká;161;;Unhošť;27351;;Česká republika;Michal Pavlina ;Hájecká 161;27351 Unhošť;;;B;K;BI;P;;;1;;;;;;;
26542339;70;Jan;Břešťan;;;8806232006;111466032;4,20733E+11;t-pack@seznam.cz;Vojtěcha Lanny;3280;;Kladno;;27201;Česká republika;Jan Břešťan ;Vojtěcha Lanny 3280;27201 Kladno 1;;;Vojtěcha Lanny;3280;;Kladno;27201;;Česká republika;Jan Břešťan ;Vojtěcha Lanny 3280;27201 Kladno 1;;;B;K;BI;P;;;1;;;;;;;
23999986;71;Tomáš;Jiřinec;;;8907260417;109794267;608850432;tomjirinec@me.com;Půlkruhová;40;;Praha;;16000;Česká republika;Tomáš Jiřinec ;Půlkruhová 40;16000 Praha 6;;;Půlkruhová;40;;Praha;16000;;Česká republika;Tomáš Jiřinec ;Půlkruhová 40;16000 Praha 6;;;B;P;BI;P;;;;;;;;;;
36743145;72;Alikhan;Kurmangaliyev;;;93082521V1;N07147074;4,20777E+11;ak5754@gmail.com;Chapaeva;42;;;;;Republika Kazachstán;Alikhan Kurmangaliyev ;Chapaeva 42;      Karaganda;;REPUBLIKA KAZACHSTÁN;Lovosická;439;;Praha;19000;;Česká republika;Alikhan Kurmangaliyev ;Lovosická 439;19000 Praha 9;;;B;P;BI;P;;;;;;;;;;
96994066;73;Olga;Rudikova;;;88611321V1;714040171;420 776 428 833;helga8813@rambler.ru;Stojkosty;7;;;;;Ruská federace;Olga Rudikova ;Stojkosty 7;      Sankt-Peterburg;;RUSKÁ FEDERACE;Na Lysíně;12;;Praha;14700;;Česká republika;Olga Rudikova ;Na Lysíně 12;14700 Praha 47;;;B;P;BI;P;;;;;;;;;;
24806894;74;Grigorii;Kharitonskii;;;94040321V1;710714573;774291655;argh94@mail.ru;Novoizmailovskiy pr.;71;;;;;Ruská federace;Grigorii Kharitonskii ;Novoizmailovskiy pr. 71;      196247 Petrohrad;;RUSKÁ FEDERACE;José Martího;407/2;;Praha;16200;;Česká republika;Grigorii Kharitonskii ;José Martího 407/2;16200 Praha 616;;;B;P;BI;P;;;;;;;;;;
59929223;75;Lucia;Bečvarová;;;93581221V1;EA915860;421 904 871 803;lucia.becvarova@gmail.com;Trnavská;184/A;;;;90027;Slovenská republika;Lucia Bečvarová ;Trnavská 184/A;90027 Bernolákovo;;SLOVENSKÁ REPUBLIKA;Trnavská;184/A;;;90027;;Slovenská republika;Lucia Bečvarová ;Trnavská 184/A;90027 Bernolákovo;;SLOVENSKÁ REPUBLIKA;B;P;BI;P;;;;;;;;;;
20633511;76;Petr;Schiebel;;;9103310293;115307469;723658289;petr-schiebel@email.cz;K Vejvoďáku;1113;;Praha;;15600;Česká republika;Petr Schiebel ;K Vejvoďáku 1113;15600 Praha 516;;;K Vejvoďáku;1113;;Praha;15600;;Česká republika;Petr Schiebel ;K Vejvoďáku 1113;15600 Praha 516;;;B;P;BI;P;;;1;;;;;;;
31016380;77;Jan;Linka;;;9111150070;115502828;728369177;jan.linka@gmail.com;Pod Lysinami;3;;Praha;;14700;Česká republika;Jan Linka ;Pod Lysinami 3;14700 Praha 47;;;Pod Lysinami;3;;Praha;14700;;Česká republika;Jan Linka ;Pod Lysinami 3;14700 Praha 47;;;B;P;BI;P;;;;;;;;;;
40745205;78;Adam;Kugler;;;9304044706;111431538;737195899;a.king@centrum.cz;Malý Beranov;95;;Malý Beranov;;58603;Česká republika;Adam Kugler ;Malý Beranov 95;58603 Jihlava 3;;;Malý Beranov;95;;Malý Beranov;58603;;Česká republika;Adam Kugler ;Malý Beranov 95;58603 Jihlava 3;;;B;P;BI;P;;;;;;;;;;
47261146;79;Matěj;Bartoš;;;9307233045;111620823;725290645;Mat.tej@seznam.cz;Maxe Švabinského;660;;Bílina;;41801;Česká republika;Matěj Bartoš ;Maxe Švabinského 660;41801 Bílina 1;;;Maxe Švabinského;660;;Bílina;41801;;Česká republika;Matěj Bartoš ;Maxe Švabinského 660;41801 Bílina 1;;;B;P;BI;P;;;;;;;;;;
19404523;80;Roman;Chovan;;;9210238433;ST198082;4,21902E+11;romco4@gmail.com;Rimavská;1;;;;97901;Slovenská republika;Roman Chovan ;Rimavská 1;97901 Rimavská Sobota;;SLOVENSKÁ REPUBLIKA;Rimavská;1;;;97901;;Slovenská republika;Roman Chovan ;Rimavská 1;97901 Rimavská Sobota;;SLOVENSKÁ REPUBLIKA;B;P;BI;P;;;;;;;;;;
13645451;81;Jan;Buchar;;;9305090036;111540283;723979259;Honza.Buchar@seznam.cz;Hostím;49;;Beroun;;26601;Česká republika;Jan Buchar ;Hostím 49;26601 Beroun 1;;;Hostím;49;;Beroun;26601;;Česká republika;Jan Buchar ;Hostím 49;26601 Beroun 1;;;B;P;BI;P;;;;;1;;;;;
41540795;82;Radim;Lenger;;;9211081770;113902925;608678663;fly.lingi@gmail.com;Sokolovská;1527;;Sezimovo Ústí;;39102;Česká republika;Radim Lenger ;Sokolovská 1527;39102 Sezimovo Ústí 2;;;Sokolovská;1527;;Sezimovo Ústí;39102;;Česká republika;Radim Lenger ;Sokolovská 1527;39102 Sezimovo Ústí 2;;;B;P;BI;P;;;;;;;;;;
26548050;83;Jan;Špriňar;;;9303113270;111372303;775074247;jan.sprinar@seznam.cz;Dykova;1110;;Hradec Králové;;50002;Česká republika;Jan Špriňar ;Dykova 1110;50002 Hradec Králové 2;;;Dykova;1110;;Hradec Králové;50002;;Česká republika;Jan Špriňar ;Dykova 1110;50002 Hradec Králové 2;;;B;P;BI;P;;;;;;;;;;
90143955;84;Michal;Kobrle;;;9301261310;111256116;732119681;m26kobrle@seznam.cz;Sakařova;520;;Týn nad Vltavou;;37501;Česká republika;Michal Kobrle ;Sakařova 520;37501 Týn nad Vltavou 1;;;Sakařova;520;;Týn nad Vltavou;37501;;Česká republika;Michal Kobrle ;Sakařova 520;37501 Týn nad Vltavou 1;;;B;P;BI;P;;;;;;;;;;
92539174;85;Michal;Janoušek;;;8905290416;112858967;731021958;mi.janousek@gmail.com;Hlavní;45;;Křenice;;25084;Česká republika;Michal Janoušek ;Hlavní 45;25084 Sibřina;;;Hlavní;45;;Křenice;25084;;Česká republika;Michal Janoušek ;Hlavní 45;25084 Sibřina;;;B;K;BI;P;;;1;;;;;;;
40769259;86;Marek;Riedel;Ing.;;8509179052;EB280688;420 776 263 348;marek.riedel@gmail.com;Kuzmányho;1885;;;;040 01;Slovenská republika;Ing.  Marek Riedel ;Kuzmányho 1885;040 0 Košice;;SLOVENSKÁ REPUBLIKA;Nad úžlabinou;446;;Praha;10800;;Česká republika;Ing.  Marek Riedel ;Nad úžlabinou 446;10800 Praha 108;;;B;K;BI;P;;;1;;;;;;;
94071200;87;Pavel;Vávra;;;8607271365;112863231;604287938;vavra.pavel@yahoo.com;Zavadilka;2502;;České Budějovice;;37005;Česká republika;Pavel Vávra ;Zavadilka 2502;37005 České Budějovice 5;;;Dvorecká;44;;Praha;14700;;Česká republika;Pavel Vávra ;Dvorecká 44;14700 Praha 47;;;B;K;BI;P;;;1;;;;;;;
91556594;88;Beáta;Kreželoková;;;8855175439;111812900;732809356;krezelokova.beata@seznam.cz;Jablunkov;398;;Jablunkov;;73991;Česká republika;Beáta Kreželoková ;Jablunkov 398;73991 Jablunkov;;;Jablunkov;398;;Jablunkov;73991;;Česká republika;Beáta Kreželoková ;Jablunkov 398;73991 Jablunkov;;;B;K;BI;P;;;1;;;;;;;
72595850;89;Markéta;Majorová;;;9051080181;115013323;721 220 310;majorovamarketa@seznam.cz;V Rovinách;540;;Praha;;14000;Česká republika;Markéta Majorová ;V Rovinách 540;14000 Praha 4;;;V Rovinách;540;;Praha;14000;;Česká republika;Markéta Majorová ;V Rovinách 540;14000 Praha 4;;;B;K;BI;P;;;;;;;;;;
51812263;90;Šárka;Buranská;;;8961130596;113372258;777960411;sarka.sguir@seznam.cz;Na Výsluní;643;;Mnichovice;;25164;Česká republika;Šárka Buranská ;Na Výsluní 643;25164 Mnichovice;;;Na Výsluní;643;;Mnichovice;25164;;Česká republika;Šárka Buranská ;Na Výsluní 643;25164 Mnichovice;;;N;P;MI;P;;;;;;;;;;
31969095;91;Tomáš;Vosyka;;;9002220216;113542979;774691188;tvosi@seznam.cz;Olbrachtova;888;;Černošice;;25228;Česká republika;Tomáš Vosyka ;Olbrachtova 888;25228 Černošice;;;Olbrachtova;888;;Černošice;25228;;Česká republika;Tomáš Vosyka ;Olbrachtova 888;25228 Černošice;;;N;P;MI;P;;;;;;;;;;
12465547;92;Josef;Lobotka;;;8904215298;113089023;4,20773E+11;ng.inornate@gmail.com;Luční;474;;Břidličná;;79351;Česká republika;Josef Lobotka ;Luční 474;79351 Břidličná;;;Luční;474;;Břidličná;79351;;Česká republika;Josef Lobotka ;Luční 474;79351 Břidličná;;;N;P;MI;P;;;;;;;;;;
30616547;93;Petr;Vít;;;6004260944;105002791;603385792;petr.vit@seznam.cz;Na hutích;582;;Praha;;16000;Česká republika;Petr Vít ;Na hutích 582;16000 Praha 6;;;Na hutích;582;;Praha;16000;;Česká republika;Petr Vít ;Na hutích 582;16000 Praha 6;;;B;K;BI;P;;;1;;;;;;;
70445061;94;Lenka;Houdková;;;9258200611;110341959;737745995;0Mifi0@gmail.com;Městečko;16;;Olbramovice;;25901;Česká republika;Lenka Houdková ;Městečko 16;25901 Votice;;;Městečko;16;;Olbramovice;25901;;Česká republika;Lenka Houdková ;Městečko 16;25901 Votice;;;B;P;BI;P;;;;;1;;;;;
45530185;95;Jan;Mareš;;;9206230506;109960906;608844333;honza.mar@seznam.cz;Dětská;5;;Praha;;10000;Česká republika;Jan Mareš ;Dětská 5;10000 Praha 10;;;Dětská;5;;Praha;10000;;Česká republika;Jan Mareš ;Dětská 5;10000 Praha 10;;;B;P;BI;P;;;;;;;;;;
47007117;96;Jakub;Mareš;;;9211143051;110678416;721374086;jakub.mares92@gmail.com;Malinovského;11;;Duchcov;;41901;Česká republika;Jakub Mareš ;Malinovského 11;41901 Duchcov;;;Malinovského;11;;Duchcov;41901;;Česká republika;Jakub Mareš ;Malinovského 11;41901 Duchcov;;;B;P;BI;P;;;;;;;;;;
18480912;97;Matěj;Šeda;;;9209305919;110474808;4,20724E+11;matej.seda@gmail.com;Nad Vavrouškou;19;;Praha;;18100;Česká republika;Matěj Šeda ;Nad Vavrouškou 19;18100 Praha 81;;;Nad Vavrouškou;19;;Praha;18100;;Česká republika;Matěj Šeda ;Nad Vavrouškou 19;18100 Praha 81;;;B;P;BI;P;;;;;;;;;;
51389420;98;Adam;Volný;;;9303294484;111442886;4,20607E+11;adam.volny@gmail.com;Sazovice;221;;Sazovice;;76301;Česká republika;Adam Volný ;Sazovice 221;76301 Mysločovice;;;Sazovice;221;;Sazovice;76301;;Česká republika;Adam Volný ;Sazovice 221;76301 Mysločovice;;;B;P;BI;P;;;;;;;;;;
66830925;99;Jan;Slifka;;;9209100428;110474728;736180416;jan.slifka@seznam.cz;V Mezihoří;1211;;Praha;;18000;Česká republika;Jan Slifka ;V Mezihoří 1211;18000 Praha 8;;;V Mezihoří;1211;;Praha;18000;;Česká republika;Jan Slifka ;V Mezihoří 1211;18000 Praha 8;;;B;P;BI;P;;;;;;;;;;
19219051;100;Michal;Bureš;;;9305243651;114825710;776236940;Bures.Michal@ssakhk.cz;17.listopadu;885;;Vamberk;;51754;Česká republika;Michal Bureš ;17.listopadu 885;51754 Vamberk;;;17.listopadu;885;;Vamberk;51754;;Česká republika;Michal Bureš ;17.listopadu 885;51754 Vamberk;;;B;P;BI;P;;;;;;;;;;
24002697;101;Dominik;Feltl;Ing.;;8710020022;109968372;775674557;dominik.feltl@gmail.com;Bruselská;328;;Praha;;12000;Česká republika;Ing.  Dominik Feltl ;Bruselská 328;12000 Praha 2;;;Bruselská;328;;Praha;12000;;Česká republika;Ing.  Dominik Feltl ;Bruselská 328;12000 Praha 2;;;B;P;BI;P;;;1;;;;;;;
10395853;102;David;Veselák;;;9305282921;111496456;731010864;dejvow@seznam.cz;Sladovnická;440;;Louny;;44001;Česká republika;David Veselák ;Sladovnická 440;44001 Louny 1;;;Sladovnická;440;;Louny;44001;;Česká republika;David Veselák ;Sladovnická 440;44001 Louny 1;;;B;P;BI;P;;;;;;;;;;
22660518;103;Jiří;Bobrek;;;9107310289;115502889;604763206;bobrekjiri@gmail.com;Högerova;815;;Praha;;15200;Česká republika;Jiří Bobrek ;Högerova 815;15200 Praha 52;;;Högerova;815;;Praha;15200;;Česká republika;Jiří Bobrek ;Högerova 815;15200 Praha 52;;;B;P;BI;P;;;;;;;;;;
65378842;104;Michael;Mikuš;;;9112206257;200096200;731270896;Aron777@seznam.cz;Valašská Polanka;280;;Valašská Polanka;;75611;Česká republika;Michael Mikuš ;Valašská Polanka 280;75611 Valašská Polanka;;;Valašská Polanka;280;;Valašská Polanka;75611;;Česká republika;Michael Mikuš ;Valašská Polanka 280;75611 Valašská Polanka;;;B;P;BI;P;;;;;;;;;;
16229055;105;Simona;Lencová;;;9351112122;111119433;728892299;lencova.simca@gmail.com;Kyjevská;62;;Plzeň;;32600;Česká republika;Simona Lencová ;Kyjevská 62;32600 Plzeň 26;;;Kyjevská;62;;Plzeň;32600;;Česká republika;Simona Lencová ;Kyjevská 62;32600 Plzeň 26;;;B;P;BI;P;;;;;;;;;;
24605322;106;Pavel;Podaný;;;9110090737;115484391;606 133 767;Geroth@seznam.cz;Jaroslava Šípka;372;;Stochov;;27303;Česká republika;Pavel Podaný ;Jaroslava Šípka 372;27303 Stochov;;;Jaroslava Šípka;372;;Stochov;27303;;Česká republika;Pavel Podaný ;Jaroslava Šípka 372;27303 Stochov;;;B;P;BI;P;;;;;;;;;;
78583436;107;Daniel;Švec;;;9203180074;109802840;736666284;svec.dan@gmail.com;Pod Lipami;146;;Kralupy nad Vltavou;;27801;Česká republika;Daniel Švec ;Pod Lipami 146;27801 Kralupy nad Vltavou 1;;;Pod Lipami;146;;Kralupy nad Vltavou;27801;;Česká republika;Daniel Švec ;Pod Lipami 146;27801 Kralupy nad Vltavou 1;;;B;P;BI;P;;;1;;;;;;;
22325643;108;Klára;Budigová;;;9261035531;115582436;733658755;klara.budigova@windowslive.com;Nejedlého;1418;;Petřvald;;73541;Česká republika;Klára Budigová ;Nejedlého 1418;73541 Petřvald u Karviné;;;Nejedlého;1418;;Petřvald;73541;;Česká republika;Klára Budigová ;Nejedlého 1418;73541 Petřvald u Karviné;;;B;P;BI;P;;;;;;;;;;
23040374;109;Marek;Žďárský;;;9210061124;114628426;608066684;Dinin@email.cz;Katusická;712;;Praha;;19700;Česká republika;Marek Žďárský ;Katusická 712;19700 Praha 97;;;Katusická;712;;Praha;19700;;Česká republika;Marek Žďárský ;Katusická 712;19700 Praha 97;;;B;P;BI;P;;;;;;;;;;
17812859;110;Sultan;Akhmetov;;;93022021V3;N06238091;420;sultan_836@mail.ru;Muhita;130;;;;;Republika Kazachstán;Sultan Akhmetov ;Muhita 130;      Uralsk;;REPUBLIKA KAZACHSTÁN;Revoluční;13;;Praha;11000;;Česká republika;Sultan Akhmetov ;Revoluční 13;11000 Praha 1;;;B;P;BI;P;;;;;;;;;;
34058941;111;Aleksandr;Tcukanov;;;93112721V1;641 483 145;420 775 081 282;zarabotak33@yandex.ru;Energetikov;4;;;;;Ruská federace;Aleksandr Tcukanov ;Energetikov 4;      Izluchinsk;;RUSKÁ FEDERACE;Revoluční;13;;Praha;11000;;Česká republika;Aleksandr Tcukanov ;Revoluční 13;11000 Praha 1;;;B;P;BI;P;;;;;;;;;;
65586371;112;Markus;Ledovskikh;;;93062021V1;712 671 218;776 404 377;business.mailbox@mail.com;Lenina;10;;;;;Ruská federace;Markus Ledovskikh ;Lenina 10;      456830, Kasli;;RUSKÁ FEDERACE;Cejl;71;;Brno;60200;;Česká republika;Markus Ledovskikh ;Cejl 71;60200 Brno 2;;;B;P;BI;P;;;;;;;;;;
27655811;113;Gabriela;Cernusca;Bc.;;8555124369;14296182;723787482;gabriela.cernusca@windowslive.com;Xaverovská;903;;Praha;;19700;Česká republika;Bc.  Gabriela Cernusca ;Xaverovská 903;19700 Praha 97;;;Xaverovská;903;;Praha;19700;;Česká republika;Bc.  Gabriela Cernusca ;Xaverovská 903;19700 Praha 97;;;B;K;BI;P;;;1;1;;;;;;
29921508;114;Jan;Nepraš;;;8710251363;112613047;602447066;nepra@seznam.cz;Ke Střelnici;779;;Trhové Sviny;;37401;Česká republika;Jan Nepraš ;Ke Střelnici 779;37401 Trhové Sviny;;;Ke Střelnici;779;;Trhové Sviny;37401;;Česká republika;Jan Nepraš ;Ke Střelnici 779;37401 Trhové Sviny;;;N;P;MI;P;;;;;;;;;;
32187882;115;Jiří;Cidlina;;;8907010156;112965786;4,20723E+11;jiri.cidlina@gmail.com;Kloknerova;2214;;Praha;;14800;Česká republika;Jiří Cidlina ;Kloknerova 2214;14800 Praha 414;;;Kloknerova;2214;;Praha;14800;;Česká republika;Jiří Cidlina ;Kloknerova 2214;14800 Praha 414;;;N;P;MI;P;;;;;;;;;;
58114079;116;Daniel;Pichl;;;9301303132;111198168;720508537;neal4114@gmail.com;Mošnova;1965;;Ústí nad Labem;;40011;Česká republika;Daniel Pichl ;Mošnova 1965;40011 Ústí nad Labem 11;;;U Pošty;132;;Ústí nad Labem;40340;;Česká republika;Daniel Pichl ;U Pošty 132;40340 Ústí nad Labem 19;;;B;P;BI;P;;;;;;;;;;
81221812;117;Lukáš;Mašek;;;8011303454;112074747;777906637;lukas.masek@ca.com;Lažany;7;;Lažany;;46345;Česká republika;Lukáš Mašek ;Lažany 7;46345 Pěnčín u Liberce;;;Lažany;7;;Lažany;46345;;Česká republika;Lukáš Mašek ;Lažany 7;46345 Pěnčín u Liberce;;;B;K;BI;P;;;1;;;;;;;
89224948;118;Matyáš;Richter;Bc.;;8902052852;112849998;4,20724E+11;matyas.richter@gmail.com;Zahořany;32;;Křešice;;41148;Česká republika;Bc.  Matyáš Richter ;Zahořany 32;41148 Křešice;;;Zahořany;32;;Křešice;41148;;Česká republika;Bc.  Matyáš Richter ;Zahořany 32;41148 Křešice;;;N;P;MI;P;;;;;;;;;;
42821651;119;Daniil;Zaru;;;91042721V1;MP2897196;+375 29 343 77 29;danielzaru@gmail.com;Mogilevskaya 4/3;73;;;;;Běloruská republika;Daniil Zaru ;Mogilevskaya 4/3 73;      220007, Minsk;;BĚLORUSKÁ REPUBLIKA;Mogilevskaya 4/3;73;;;;;Běloruská republika;Daniil Zaru ;Mogilevskaya 4/3 73;      220007, Minsk;;BĚLORUSKÁ REPUBLIKA;B;P;BI;P;;;;;;;;;;
73703195;120;Michal;Ďurovec;;;93062221V1;EB436497;4,21904E+11;michal.durovec@gmail.com;Lesnícka;1;;;;4011;Slovenská republika;Michal Ďurovec ;Lesnícka 1;04011 Košice;;SLOVENSKÁ REPUBLIKA;Lesnícka;1;;;4011;;Slovenská republika;Michal Ďurovec ;Lesnícka 1;04011 Košice;;SLOVENSKÁ REPUBLIKA;B;P;BI;P;;;;;;;;;;
58684092;121;Vladimír;Čillo;;;93123121V1;EA382695;4,21911E+11;vcillo18@gmail.com;Blatnica;241;;;;3815;Slovenská republika;Vladimír Čillo ;Blatnica 241;03815 Blatnica;;SLOVENSKÁ REPUBLIKA;Blatnica;241;;;3815;;Slovenská republika;Vladimír Čillo ;Blatnica 241;03815 Blatnica;;SLOVENSKÁ REPUBLIKA;B;P;BI;P;;;;;;;;;;
66398334;122;David;Bernhauer;;;9210200483;110667788;4,20609E+11;david.dragonis@gmail.com;Braunerova;853/6;;Praha;;18000;Česká republika;David Bernhauer ;Braunerova 853/6;18000 Praha 8;;;Braunerova;853/6;;Praha;18000;;Česká republika;David Bernhauer ;Braunerova 853/6;18000 Praha 8;;;B;P;BI;P;;;;;1;;;;;
68265078;123;Marek;Mrkva;;;9301124844;111341066;4,20775E+11;ibex12@seznam.cz;Krumsín;217;;Krumsín;;79803;Česká republika;Marek Mrkva ;Krumsín 217;79803 Plumlov;;;Krumsín;217;;Krumsín;79803;;Česká republika;Marek Mrkva ;Krumsín 217;79803 Plumlov;;;B;P;BI;P;;;;;1;;;;;
95927110;124;Jakub;Čech;;;9302020013;111225760;777222414;Jakub.cech@seznam.cz;Lamačova;911;;Praha;;15200;Česká republika;Jakub Čech ;Lamačova 911;15200 Praha 52;;;Národních hrdinů;73;;Praha;19012;;Česká republika;Jakub Čech ;Národních hrdinů 73;19012 Praha 912;;;B;P;BI;P;;;;;;;;;;
98352769;125;David;Blagodárný;;;9210130028;110645889;606410965;blagodarnydavid@gmail.com;U Školky;2235;;Roztoky;;25263;Česká republika;David Blagodárný ;U Školky 2235;25263 Roztoky u Prahy;;;U Školky;2235;;Roztoky;25263;;Česká republika;David Blagodárný ;U Školky 2235;25263 Roztoky u Prahy;;;B;P;BI;P;;;;;;;;;;
23996648;126;Eliška;Roubalová;;;9260221542;114145783;776056298;eliska.roubalova@centrum.cz;Bratřice;67;;Bratřice;;39501;Česká republika;Eliška Roubalová ;Bratřice 67;39501 Pacov;;;Truhlářská;1175;;Pacov;39501;;Česká republika;Eliška Roubalová ;Truhlářská 1175;39501 Pacov;;;B;P;BI;P;;;;;;;;;;
42456468;127;Vendula;Burešová;;;9354205729;113700109;605286678;taisei.cz@gmail.com;Na Častavě;7;;Horka nad Moravou;;78335;Česká republika;Vendula Burešová ;Na Častavě 7;78335 Horka nad Moravou;;;Na Častavě;7;;Horka nad Moravou;78335;;Česká republika;Vendula Burešová ;Na Častavě 7;78335 Horka nad Moravou;;;B;P;BI;P;;;;;;;;;;
11319901;128;Josef;Vachek;;;9012070199;107850049;737105492;vachek.j@seznam.cz;Bryksova;946;;Praha;;19800;Česká republika;Josef Vachek ;Bryksova 946;19800 Praha 98;;;Bryksova;946;;Praha;19800;;Česká republika;Josef Vachek ;Bryksova 946;19800 Praha 98;;;B;P;BI;P;;;1;;;;;;;
41624059;129;David;Kühnl;;;9206210409;110122069;608313380;dakuh@volny.cz;Moravanů;2158;;Praha;;16900;Česká republika;David Kühnl ;Moravanů 2158;16900 Praha 69;;;Moravanů;2158;;Praha;16900;;Česká republika;David Kühnl ;Moravanů 2158;16900 Praha 69;;;B;P;BI;P;;;;;;;;;;
36678062;130;Dominika;Zamastilová;;;9354290979;111448117;774359259;zamastilova.dominika@email.cz;Potoční;62;;Úžice;;27745;Česká republika;Dominika Zamastilová ;Potoční 62;27745 Úžice u Kralup nad Vltavou;;;Potoční;62;;Úžice;27745;;Česká republika;Dominika Zamastilová ;Potoční 62;27745 Úžice u Kralup nad Vltavou;;;B;P;BI;P;;;;;;;;;;
99608620;131;Tomáš;Zimmerhakl;;;9302271033;111407222;722627061;tomas.zimmerhakl@gmail.com;Komenského náměstí;81;;Mladá Boleslav;;29301;Česká republika;Tomáš Zimmerhakl ;Komenského náměstí 81;29301 Mladá Boleslav 1;;;Komenského náměstí;81;;Mladá Boleslav;29301;;Česká republika;Tomáš Zimmerhakl ;Komenského náměstí 81;29301 Mladá Boleslav 1;;;B;P;BI;P;;;;;;;;;;
83572445;132;Ondřej;Fátor;;;9211253480;110850832;721023567;fator.ondrej@gmail.com;Horní;116;;Teplice nad Metují;;54957;Česká republika;Ondřej Fátor ;Horní 116;54957 Teplice nad Metují;;;Horní;116;;Teplice nad Metují;54957;;Česká republika;Ondřej Fátor ;Horní 116;54957 Teplice nad Metují;;;B;P;BI;P;;;;;;;;;;
50251810;133;Grant;Zvolský;;;9209080078;111513881;728402054;grant@zvolsky.org;Teplická;280;;Praha;;19000;Česká republika;Grant Zvolský ;Teplická 280;19000 Praha 9;;;Teplická;280;;Praha;19000;;Česká republika;Grant Zvolský ;Teplická 280;19000 Praha 9;;;B;P;BI;P;;;;;;;;;;
20040123;134;Vojtěch;Mareš;;;9302120036;111192110;777148321;maresvojtech@gmail.com;Machkova;1643;;Praha;;14900;Česká republika;Vojtěch Mareš ;Machkova 1643;14900 Praha 415;;;Machkova;1643;;Praha;14900;;Česká republika;Vojtěch Mareš ;Machkova 1643;14900 Praha 415;;;B;P;BI;P;;;;;;;;;;
37478167;135;Adéla;Blažková;;;9351162029;111208939;721726970;Adela.Blazkova@centrum.cz;Volšovská;897;;Sušice;;34201;Česká republika;Adéla Blažková ;Volšovská 897;34201 Sušice 1;;;Volšovská;897;;Sušice;34201;;Česká republika;Adéla Blažková ;Volšovská 897;34201 Sušice 1;;;B;P;BI;P;;;;;;;;;;
44519446;136;David;Rosca;;;9301091019;110876984;602566357;david@rosca.cz;Na Radouči;1244;;Mladá Boleslav;;29301;Česká republika;David Rosca ;Na Radouči 1244;29301 Mladá Boleslav 1;;;Na Radouči;1244;;Mladá Boleslav;29301;;Česká republika;David Rosca ;Na Radouči 1244;29301 Mladá Boleslav 1;;;B;P;BI;P;;;;;;;;;;
53081970;137;Nikita;Mironov;;;9211234175;51#4974616;420 776 870 856;mnevg@seznam.cz;Petra Obrovce;2250;;Louny;;44001;Česká republika;Nikita Mironov ;Petra Obrovce 2250;44001 Louny 1;;;Petra Obrovce;2250;;Louny;44001;;Česká republika;Nikita Mironov ;Petra Obrovce 2250;44001 Louny 1;;;B;P;BI;P;;;;;;;;;;
24411828;138;Iveta;Vošická;;;9057084388;111947991;733565232;iveta.vosicka@centrum.cz;Krasoňov;108;;Humpolec;;39601;Česká republika;Iveta Vošická ;Krasoňov 108;39601 Humpolec;;;Vystrkov;62;;Humpolec;39601;;Česká republika;Iveta Vošická ;Vystrkov 62;39601 Humpolec;;;B;K;BI;P;;;1;;;;;;;
28133715;139;Václav;Štengl;;;9210140181;111033968;732502307;stengl.vaclav@seznam.cz;Nad Manovkou;327;;Praha;;16100;Česká republika;Václav Štengl ;Nad Manovkou 327;16100 Praha 614;;;Nad Manovkou;327;;Praha;16100;;Česká republika;Václav Štengl ;Nad Manovkou 327;16100 Praha 614;;;B;P;BI;P;;;;;;;;;;
66141786;140;Marek;Kužel;;;8810311774;112188514;4,2072E+11;kuzel.marek@gmail.com;Pod Lesem;868;;Protivín;;39811;Česká republika;Marek Kužel ;Pod Lesem 868;39811 Protivín;;;Pod Lesem;868;;Protivín;39811;;Česká republika;Marek Kužel ;Pod Lesem 868;39811 Protivín;;;N;P;MI;P;;;;;;;;;;
23145708;141;Jana;Ernekerová;;;9261110034;110757491;774202948;pepanda@erneker.cz;Revoluční;1634;;Praha;;11000;Česká republika;Jana Ernekerová ;Revoluční 1634;11000 Praha 1;;;U Štěpu;15;;Praha;10000;;Česká republika;Jana Ernekerová ;U Štěpu 15;10000 Praha 10;;;B;P;BI;P;;;;;;;;;;
16753657;142;Aleksandr;Verkhoturov;inženýr;;88121721V2;712487755;4,20777E+11;sashka.pirat@gmail.com;Kurchatova;52-69;;;;;Ruská federace;inženýr  Aleksandr Verkhoturov ;Kurchatova 52-69;      665726 Bratsk;;RUSKÁ FEDERACE;Slezská;1486;;Praha;13000;;Česká republika;inženýr  Aleksandr Verkhoturov ;Slezská 1486;13000 Praha 3;;;N;P;MI;P;;;1;;;;;;;
14845548;143;Dmitry;Bastrygin;;;84090921V3;715 523 245;420 777 391 157;bastrygin@gmail.com;Fevralskaja;46/22;;;;;Ruská federace;Dmitry Bastrygin ;Fevralskaja 46/22;      152915 Rybinsk;;RUSKÁ FEDERACE;Křenova;270;;Praha;16200;;Česká republika;Dmitry Bastrygin ;Křenova 270;16200 Praha 616;;;B;P;BI;P;;;;;;;;;;
72576423;144;Ilya;Tarasyuk;;;88101021V2;711695176;777518300;stress500@yandex.ru;Stroitelei;62/35;;;;;Ruská federace;Ilya Tarasyuk ;Stroitelei 62/35;      654000 Novokuzneck;;RUSKÁ FEDERACE;Křižíkova;254;;Ostrava;70200;;Česká republika;Ilya Tarasyuk ;Křižíkova 254;70200 Ostrava 2;;;B;K;BI;P;;;;;;;;;;
75713145;145;Anna;Martynenko;Bc.;;9057153270;514 333 052;773170700;anna.martynenko.cz@gmail.com;Shunkova;I.28;;;;;Ruská federace;Bc.  Anna Martynenko ;Shunkova 1-28;      654 000 Novokuzneck;;RUSKÁ FEDERACE;Křižíkova;254;;Ostrava;70200;;Česká republika;Bc.  Anna Martynenko ;Křižíkova 254;70200 Ostrava 2;;;B;P;BI;P;;;1;;;;;;;
39496159;146;Marian;Viskup;;;9205121761;109931997;777814113;viskup.marian@seznam.cz;Písecká;918;;Bechyně;;39165;Česká republika;Marian Viskup ;Písecká 918;39165 Bechyně;;;Písecká;918;;Bechyně;39165;;Česká republika;Marian Viskup ;Písecká 918;39165 Bechyně;;;B;P;BI;P;;;1;;;;;;;
93864831;147;David;Knap;;;9306260491;112030966;4,20775E+11;mail@davidknap.cz;U průhonu;30;;Praha;;17000;Česká republika;David Knap ;U průhonu 30;17000 Praha 7;;;U průhonu;30;;Praha;17000;;Česká republika;David Knap ;U průhonu 30;17000 Praha 7;;;B;P;BI;P;;;;;;;;;;
61718031;148;Petr;Loskot;;;9212202824;111286214;4,20609E+11;japloskot@gmail.com;Družstení;27;;Litoměřice;;41201;Česká republika;Petr Loskot ;Družstení 27;41201 Litoměřice 1;;;Družstení;27;;Litoměřice;41201;;Česká republika;Petr Loskot ;Družstení 27;41201 Litoměřice 1;;;B;P;BI;P;;;;;;;;;;
90636751;149;Pavla;Horčičková;;;8158030485;115590987;774336740;phorcickova@gmail.com;Vklančice;5;;Vlkančice;;28163;Česká republika;Pavla Horčičková ;Vklančice 5;28163 Kostelec nad Černými Lesy;;;Vklančice;5;;Vlkančice;28163;;Česká republika;Pavla Horčičková ;Vklančice 5;28163 Kostelec nad Černými Lesy;;;B;K;BI;P;;;1;;;;;;;
40253694;150;Tomáš;Dubský;;;9202250178;109648701;739971081;Dubskytom@seznam.cz;Žitavského;524;;Praha;;15600;Česká republika;Tomáš Dubský ;Žitavského 524;15600 Praha 516;;;Žitavského;524;;Praha;15600;;Česká republika;Tomáš Dubský ;Žitavského 524;15600 Praha 516;;;B;P;BI;P;;;;;;;;;;
78396951;151;Ondřej;Pohl;;;9302093647;111287142;4,20609E+11;pohlondrej@seznam.cz;Černíkovice;64;;Černíkovice;;51704;Česká republika;Ondřej Pohl ;Černíkovice 64;51704 Černíkovice;;;Černíkovice;64;;Černíkovice;51704;;Česká republika;Ondřej Pohl ;Černíkovice 64;51704 Černíkovice;;;B;P;BI;P;;;;;;;;;;
68468431;152;Vojtěch;Štecha;;;9206040184;113432292;728988599;vojta.stecha@senam.cz;Průběžná;296;;Praha;;10000;Česká republika;Vojtěch Štecha ;Průběžná 296;10000 Praha 10;;;Královická;1378;;Brandýs nad Labem-Stará Boleslav;25001;;Česká republika;Vojtěch Štecha ;Královická 1378;25001 Brandýs nad Labem-Stará Boleslav 1;;;B;P;BI;P;;;;;;;;;;
39834929;153;Martin;Pavlíček;;;9107221673;115131760;728088406;panxxx.12@gmail.com;Čestice;16;;Čestice;;38719;Česká republika;Martin Pavlíček ;Čestice 16;38719 Čestice;;;Čestice;16;;Čestice;38719;;Česká republika;Martin Pavlíček ;Čestice 16;38719 Čestice;;;B;K;BI;P;;;;;;;;;;
77456832;154;František;Petřek;;;9207226237;110316910;732928717;fred227@seznam.cz;Janová;67;;Janová;;75501;Česká republika;František Petřek ;Janová 67;75501 Vsetín 1;;;Janová;67;;Janová;75501;;Česká republika;František Petřek ;Janová 67;75501 Vsetín 1;;;B;P;BI;P;;;;;;;;;;
86055471;155;Petr;Schmied;;;9209293643;110494228;737510029;peter9209@gmail.com;Krouna;332;;Krouna;;53943;Česká republika;Petr Schmied ;Krouna 332;53943 Krouna;;;Krouna;332;;Krouna;53943;;Česká republika;Petr Schmied ;Krouna 332;53943 Krouna;;;B;P;BI;P;;;;;;;;;;
56369849;156;Dominik;Mazura;;;9206203325;110103702;721855332;D.Mazura@seznam.cz;Radovesnice II;116;;Radovesnice II;;28128;Česká republika;Dominik Mazura ;Radovesnice II 116;28128 Radovesnice;;;Radovesnice II;116;;Radovesnice II;28128;;Česká republika;Dominik Mazura ;Radovesnice II 116;28128 Radovesnice;;;B;P;BI;P;;;;;;;;;;
99911525;157;Zuzana;Machová;;;9355295224;111887268;737236559;machovazuzka@seznam.cz;Purkyňova;451;;Žďár nad Sázavou;;59101;Česká republika;Zuzana Machová ;Purkyňova 451;59101 Žďár nad Sázavou 1;;;Purkyňova;451;;Žďár nad Sázavou;59101;;Česká republika;Zuzana Machová ;Purkyňova 451;59101 Žďár nad Sázavou 1;;;B;P;BI;P;;;;;;;;;;
44741349;158;Václav;Kaděra;;;9212285401;111296399;775226540;vaclav.kadera@is-on.eu;Novodvorská;3063;;Frýdek-Místek;;73801;Česká republika;Václav Kaděra ;Novodvorská 3063;73801 Frýdek-Místek 1;;;Novodvorská;3063;;Frýdek-Místek;73801;;Česká republika;Václav Kaděra ;Novodvorská 3063;73801 Frýdek-Místek 1;;;B;P;BI;P;;;;;;;;;;
29292953;159;Raushangul;Aitassova;;;93571221V2;NO7251446;4,20608E+11;konfeta-1993@mail.ru;Komsomolskaya;10;;;;;Republika Kazachstán;Raushangul Aitassova ;Komsomolskaya 10;      URALSK;;REPUBLIKA KAZACHSTÁN;Revoluční;13;;Praha;11000;;Česká republika;Raushangul Aitassova ;Revoluční 13;11000 Praha 1;;;B;P;BI;P;;;;;;;;;;
69099960;160;Dobroslav;Bernáth;;;93041621V1;ST 628342;903262831;dobroslav.bernath@gmail.com;Okružná;22;;;;;Slovenská republika;Dobroslav Bernáth ;Okružná 22;      951 13 Branč;;SLOVENSKÁ REPUBLIKA;Okružná;22;;;;;Slovenská republika;Dobroslav Bernáth ;Okružná 22;      951 13 Branč;;SLOVENSKÁ REPUBLIKA;B;P;BI;P;;;;;;;;;;
83511994;161;Nataliya;Neskorodyana;;;9452074170;KP017939;4,20775E+11;nesko.natalia@gmail.com;Brunclíkova;4;;Praha;;16200;Česká republika;Nataliya Neskorodyana ;Brunclíkova 4;16200 Praha 616;;;Brunclíkova;4;;Praha;16200;;Česká republika;Nataliya Neskorodyana ;Brunclíkova 4;16200 Praha 616;;;B;P;BI;P;;;;;;;;;;
82420147;162;Tomáš;Domagalský;;;9304200323;111503627;605580911;domagalsky@gmail.com;Opuková;172;;Praha;;16300;Česká republika;Tomáš Domagalský ;Opuková 172;16300 Praha 618;;;Opuková;172;;Praha;16300;;Česká republika;Tomáš Domagalský ;Opuková 172;16300 Praha 618;;;B;P;BI;P;;;;;;;;;;
27595229;163;Daniel;Hladík;;;9210260290;110902677;4,20732E+11;dane.czech@gmail.com;Zázvorkova;2008;;Praha;;15500;Česká republika;Daniel Hladík ;Zázvorkova 2008;15500 Praha 515;;;Zázvorkova;2008;;Praha;15500;;Česká republika;Daniel Hladík ;Zázvorkova 2008;15500 Praha 515;;;B;P;BI;P;;;;;;;;;;
87542554;164;Petr;Duba;;;8409120346;107244302;734553364;petr.duba@gmail.com;Ledkovská;901;;Praha;;19300;Česká republika;Petr Duba ;Ledkovská 901;19300 Praha 913;;;Ledkovská;901;;Praha;19300;;Česká republika;Petr Duba ;Ledkovská 901;19300 Praha 913;;;B;K;BI;P;;;1;;;;;;;
94463395;165;Veronika;Bučková;;;9258195221;110337887;4,20777E+11;veronika.buckova9@gmail.com;Purkyňova;472/9;;Žďár nad Sázavou;;59102;Česká republika;Veronika Bučková ;Purkyňova 472/9;59102 Žďár nad Sázavou 2;;;Purkyňova;472/9;;Žďár nad Sázavou;59102;;Česká republika;Veronika Bučková ;Purkyňova 472/9;59102 Žďár nad Sázavou 2;;;B;P;BI;P;;;1;;;;;;;
10846499;166;Lukáš;Vrajík;;;9001184511;115191717;721870826;lukas.vrajik@gmail.com;třída svobody;743;;Zlín;;76302;Česká republika;Lukáš Vrajík ;třída svobody 743;76302 Zlín 4;;;třída svobody;743;;Zlín;76302;;Česká republika;Lukáš Vrajík ;třída svobody 743;76302 Zlín 4;;;B;P;BI;P;;;;;;;;;;
47946819;167;Václav;Schröder;;;9305040019;111474226;605169605;Source.vision@seznam.cz;Taussigova;1165;;Praha;;18200;Česká republika;Václav Schröder ;Taussigova 1165;18200 Praha 82;;;Taussigova;1165;;Praha;18200;;Česká republika;Václav Schröder ;Taussigova 1165;18200 Praha 82;;;B;P;BI;P;;;;;;;;;;
10659872;168;Lukáš;Halama;;;9209033724;110375977;739612063;hallion65@gmail.com;Rubínová;1926;;Turnov;;51101;Česká republika;Lukáš Halama ;Rubínová 1926;51101 Turnov 1;;;Rubínová;1926;;Turnov;51101;;Česká republika;Lukáš Halama ;Rubínová 1926;51101 Turnov 1;;;B;P;BI;P;;;;;;;;;;
11285360;169;Petr;Skočík;;;8903124648;111526520;4,20722E+11;pskocik@gmail.com;Dubňanská;627;;Mutěnice;;69611;Česká republika;Petr Skočík ;Dubňanská 627;69611 Mutěnice;;;Dubňanská;627;;Mutěnice;69611;;Česká republika;Petr Skočík ;Dubňanská 627;69611 Mutěnice;;;B;K;BI;P;;;;;;;;;;
58255014;170;Lukáš;Sedláček;;;9212082517;110905512;776638517;Sedlacek.lks@gmail.com;Pohraniční;724;;Jiříkov;;40753;Česká republika;Lukáš Sedláček ;Pohraniční 724;40753 Jiříkov;;;Pohraniční;724;;Jiříkov;40753;;Česká republika;Lukáš Sedláček ;Pohraniční 724;40753 Jiříkov;;;B;P;BI;P;;;;;1;;;;;
42104810;171;Elmar;Babyev;;;93121421V1;4509057;774676901;angry8@mail.ru;Akhundov;2/104;;;;;Ázerbájdžánská republika;Elmar Babyev ;Akhundov 2/104;      Baku;;ÁZERBÁJDŽÁNSKÁ REPUBLIKA;Radlas;6;;Brno;60200;;Česká republika;Elmar Babyev ;Radlas 6;60200 Brno 2;;;B;P;BI;P;;;;;;;;;;
96550218;172;Dzmitry;Pratashchyk;;;95031221V1;MP2997847;608676528;ofitsner@seznam.cz;Sucharevskaja;28/95;;;;;Běloruská republika;Dzmitry Pratashchyk ;Sucharevskaja 28/95;      220019, Minsk;;BĚLORUSKÁ REPUBLIKA;Ďáblická 73/;82;;Praha;18200;;Česká republika;Dzmitry Pratashchyk ;Ďáblická 73/ 82;18200 Praha 82;;;B;P;BI;P;;;;;;;;;;
61031764;173;Ruslan;Ryabykin;;;90120121V2;711728029;4,20608E+11;ruslan.ryabykin@gmail.com;Zheleznodorozhnaya;8.I;;;;;Ruská federace;Ruslan Ryabykin ;Zheleznodorozhnaya 8/1;      Novosibirsk;;RUSKÁ FEDERACE;Slevacska 744;1;;Praha;19800;;Česká republika;Ruslan Ryabykin ;Slevacska 744 1;19800 Praha 98;;;B;P;BI;P;;;;;;;;;;
48936620;174;Ivan;Tarkin;;;86031421V4;7497136;4,20777E+11;zlatoiskr@mail.ru;Jeltoksan;48/1;;;;;Republika Kazachstán;Ivan Tarkin ;Jeltoksan 48/1;      Astana;;REPUBLIKA KAZACHSTÁN;Kozácká;276;;Praha;10100;;Česká republika;Ivan Tarkin ;Kozácká 276;10100 Praha 101;;;B;P;BI;P;;;;;;;;;;
63928584;175;Kristina;Tarkina;;;90510521V5;6718279;4,20608E+11;zlatoiskr@mail.ru;Jeltoksan;30/40;;;;;Republika Kazachstán;Kristina Tarkina ;Jeltoksan 30/40;      Astana;;REPUBLIKA KAZACHSTÁN;Kozácká;276;;Praha;10100;;Česká republika;Kristina Tarkina ;Kozácká 276;10100 Praha 101;;;B;P;BI;P;;;;;;;;;;
56453118;176;Stanislav;Vdovchenko;;;92040721V1;CA2547268;4,20778E+11;stanislav0995@gmail.com;Massiv 40-let Pobedi-4;8\22;;;;;Republika Uzbekistán;Stanislav Vdovchenko ;Massiv 40-let Pobedi-4 8\22;      Tashkent;;REPUBLIKA UZBEKISTÁN;Slévačská 744/;1;;Praha;19800;;Česká republika;Stanislav Vdovchenko ;Slévačská 744/ 1;19800 Praha 98;;;B;P;BI;P;;;;;;;;;;
67828160;177;Kateřina;Jandová;;;9260222631;110653149;732325777;kata.jandova@gmail.com;Bezručova;4714;;Chomutov;;43003;Česká republika;Kateřina Jandová ;Bezručova 4714;43003 Chomutov 3;;;Bezručova;4714;;Chomutov;43003;;Česká republika;Kateřina Jandová ;Bezručova 4714;43003 Chomutov 3;;;B;P;BI;P;;;;;;;;;;
76465681;178;Tomáš;Kasalický;;;9306092048;111617369;721224220;kasalicky.tomas@gmail.com;Chudenín;30;;Nýrsko;;34022;Česká republika;Tomáš Kasalický ;Chudenín 30;34022 Nýrsko;;;Chudenín;30;;Nýrsko;34022;;Česká republika;Tomáš Kasalický ;Chudenín 30;34022 Nýrsko;;;B;P;BI;P;;;;;;;;;;
97638083;179;Ondřej;Batík;;;9205100003;109890409;606463608;travianer7@seznam.cz;Jiříčkové;3072;;Praha;;10600;Česká republika;Ondřej Batík ;Jiříčkové 3072;10600 Praha 106;;;Jiříčkové;3072;;Praha;10600;;Česká republika;Ondřej Batík ;Jiříčkové 3072;10600 Praha 106;;;B;P;BI;P;;;;;;;;;;
32508428;180;Martin;Čejka;;;9302251783;111759708;728019438;cejkis@gmail.com;Husova;896;;Tábor;;39002;Česká republika;Martin Čejka ;Husova 896;39002 Tábor 2;;;Husova;896;;Tábor;39002;;Česká republika;Martin Čejka ;Husova 896;39002 Tábor 2;;;B;P;BI;P;;;;;;;;;;
46494665;181;Daniel;Lavor;;;9205111938;109787272;774228893;daniel.lavor@email.cz;Damice;21;;Krásný Les;;36301;Česká republika;Daniel Lavor ;Damice 21;36301 Ostrov nad Ohří;;;Damice;21;;Krásný Les;36301;;Česká republika;Daniel Lavor ;Damice 21;36301 Ostrov nad Ohří;;;B;P;BI;P;;;;;;;;;;
54127314;182;Vladimír;Zobal;;;9303040725;111319440;605984870;vladimir.zobal@gmail.com;S. K. Neumanna;403;;Stochov;;27303;Česká republika;Vladimír Zobal ;S. K. Neumanna 403;27303 Stochov;;;S. K. Neumanna;403;;Stochov;27303;;Česká republika;Vladimír Zobal ;S. K. Neumanna 403;27303 Stochov;;;B;P;BI;P;;;;;;;;;;
94910307;183;Petr;Kubín;;;9210231316;110569921;4,20608E+11;1pkubin@seznam.cz;Heřmánkova;767;;Třeboň;;37901;Česká republika;Petr Kubín ;Heřmánkova 767;37901 Třeboň;;;Heřmánkova;767;;Třeboň;37901;;Česká republika;Petr Kubín ;Heřmánkova 767;37901 Třeboň;;;B;P;BI;P;;;;;;;;;;
79197233;184;Jan;Šídlo;;;9005260044;110175748;4,20731E+11;xoores@gmail.com;Kafkova;34;;Praha;;16000;Česká republika;Jan Šídlo ;Kafkova 34;16000 Praha 6;;;Kafkova;34;;Praha;16000;;Česká republika;Jan Šídlo ;Kafkova 34;16000 Praha 6;;;B;K;BI;P;;;;;;;;;;
49049044;185;Tomáš;Kovařík;;;9211045712;110725771;737526318;zorinek@seznam.cz;Heyrovského;37;;Olomouc;;77900;Česká republika;Tomáš Kovařík ;Heyrovského 37;77900 Olomouc 9;;;Heyrovského;37;;Olomouc;77900;;Česká republika;Tomáš Kovařík ;Heyrovského 37;77900 Olomouc 9;;;B;P;BI;P;;;;;;;;;;
47775860;186;Markéta;Peterková;;;9151131055;110334207;605055870;Marketa.Peterkova@centrum.cz;Chudoplesy;79/1;;Bakov nad Jizerou;;29401;Česká republika;Markéta Peterková ;Chudoplesy 79/1;29401 Bakov nad Jizerou;;;Chudoplesy;79/1;;Bakov nad Jizerou;29401;;Česká republika;Markéta Peterková ;Chudoplesy 79/1;29401 Bakov nad Jizerou;;;B;K;BI;P;;;1;;;;;;;
89325484;187;Tobiáš;Štancel;;;9305030174;111598262;724888152;trestitrdlo@gmail.com;Vítězná;14;;Praha;;11800;Česká republika;Tobiáš Štancel ;Vítězná 14;11800 Praha 011;;;Vítězná;14;;Praha;11800;;Česká republika;Tobiáš Štancel ;Vítězná 14;11800 Praha 011;;;B;P;BI;P;;;;;;;;;;
56530800;188;Patrik;Faistaver;;;9305243706;113294390;736444606;Patrik.Faistaver@centrum.cz;Valteřice;218;;Jilemnice;;51401;Česká republika;Patrik Faistaver ;Valteřice 218;51401 Jilemnice;;;Valteřice;218;;Jilemnice;51401;;Česká republika;Patrik Faistaver ;Valteřice 218;51401 Jilemnice;;;B;P;BI;P;;;;;;;;;;
11530321;189;Lukáš;Truxa;;;9005101754;113909197;4,20724E+11;L.Truxa@seznam.cz;Květov;64;;Květov;;39901;Česká republika;Lukáš Truxa ;Květov 64;39901 Milevsko 1;;;Květov;64;;Květov;39901;;Česká republika;Lukáš Truxa ;Květov 64;39901 Milevsko 1;;;N;P;MI;P;;;;;;;;;;
92942820;190;Evgeniya;Brichkova;;;93620221V1;704236468;4,20777E+11;brichkovaevgenia@gmail.com;Oktjabr'skij prospekt;16v;;;;;Ruská federace;Evgeniya Brichkova ;Oktjabr'skij prospekt 16v;      Petrozavodsk;;RUSKÁ FEDERACE;U Svobodárny;1512;;Praha;19000;;Česká republika;Evgeniya Brichkova ;U Svobodárny 1512;19000 Praha 9;;;B;P;BI;P;;;;;;;;;;
64931836;191;Dušan;Malík;;;9204200192;110202663;222953109;malikdusan@seznam.cz;Rokycanská;253;;Praha;;19900;Česká republika;Dušan Malík ;Rokycanská 253;19900 Praha 99;;;Rokycanská;253;;Praha;19900;;Česká republika;Dušan Malík ;Rokycanská 253;19900 Praha 99;;;B;P;BI;P;;;;;;;;;;
67968036;192;Jan;Dočkal;;;9205140846;114815690;723285981;xdockalj@seznam.cz;Politických vězňů;117;;Velký Osek;;28151;Česká republika;Jan Dočkal ;Politických vězňů 117;28151 Velký Osek;;;Politických vězňů;117;;Velký Osek;28151;;Česká republika;Jan Dočkal ;Politických vězňů 117;28151 Velký Osek;;;B;P;BI;P;;;;;;;;;;
14587663;193;Karel;Kovařovic;;;9212090008;111306374;721369538;kovarovicovas@seznam.cz;Nosticova;468;;Praha;;11800;Česká republika;Karel Kovařovic ;Nosticova 468;11800 Praha 011;;;Nosticova ;468;;Praha;11800;;Česká republika;Karel Kovařovic ;Nosticova  468;11800 Praha 011;;;B;P;BI;P;;;;;;;;;;
39595843;194;Andrey;Shershnev;;;93082721V1;702754010;4,20777E+11;shershnev@seznam.cz;Mira;31;;;;;Ruská federace;Andrey Shershnev ;Mira 31;      Pushkino;;RUSKÁ FEDERACE;U Svobodárny;1512;;Praha;19000;;Česká republika;Andrey Shershnev ;U Svobodárny 1512;19000 Praha 9;;;B;P;BI;P;;;;;;;;;;
41069813;195;Kristýna Natálie;Vinklerová;;;9352243978;111332895;737616397;K.Vinklerova@gmail.com;Jasmínová;292;;Moravany;;53372;Česká republika;Kristýna Natálie Vinklerová ;Jasmínová 292;53372 Moravany u Holic;;;Jasmínová;292;;Moravany;53372;;Česká republika;Kristýna Natálie Vinklerová ;Jasmínová 292;53372 Moravany u Holic;;;B;P;BI;P;;;;;;;;;;
93981867;196;Eva;Trunečková;;;9261076143;110536387;4,20732E+11;evka.007@seznam.cz;Indrova;14;;Zábřeh;;78901;Česká republika;Eva Trunečková ;Indrova 14;78901 Zábřeh;;;Indrova;14;;Zábřeh;78901;;Česká republika;Eva Trunečková ;Indrova 14;78901 Zábřeh;;;B;P;BI;P;;;;;;;;;;
80645233;197;Štěpán;Plachý;;;9304200499;111680386;732569330;plachy.s@seznam.cz;Bulharská;24;;Praha;;10100;Česká republika;Štěpán Plachý ;Bulharská 24;10100 Praha 101;;;Bulharská;24;;Praha;10100;;Česká republika;Štěpán Plachý ;Bulharská 24;10100 Praha 101;;;B;P;BI;P;;;;;;;;;;
68908184;198;Filip;Rudík;;;93072421V2;EA079294;905 182 759;FilipRudik@yahoo.com;Třebíčska;12;;;;6601;Slovenská republika;Filip Rudík ;Třebíčska 12;06601 Humenné;;SLOVENSKÁ REPUBLIKA;Třebíčska;12;;;6601;;Slovenská republika;Filip Rudík ;Třebíčska 12;06601 Humenné;;SLOVENSKÁ REPUBLIKA;B;P;BI;P;;;;;;;;;;
11919657;199;David;Kohut;;;8210044975;102804911;774548833;dacik77454@gmail.com;Písek;49;;Písek;;73984;Česká republika;David Kohut ;Písek 49;73984 Písek u Jablunkova;;;;49;;Písek;73984;;Česká republika;David Kohut ;Písek 49;73984 Písek u Jablunkova;;;B;K;BI;P;;;1;;;;;;;
63615929;200;Denis;Korchun;;;93041621V2;N5855124;4,20774E+11;gotlight.a@gmail.com;Dzhambula;169;;;;;Republika Kazachstán;Denis Korchun ;Dzhambula 169;      050008 Almaty;;REPUBLIKA KAZACHSTÁN;Prusíkova;7;;Praha;15500;;Česká republika;Denis Korchun ;Prusíkova 7;15500 Praha 515;;;B;P;BI;P;;;;;;;;;;
62220220;201;Andreas;Rolli;;;9204032992;109823731;777009939;andreas.rolli@seznam.cz;U Stadionu;401/1356;;Most;;43401;Česká republika;Andreas Rolli ;U Stadionu 401/1356;43401 Most 1;;;U Stadionu 401;1356;;Most;43401;;Česká republika;Andreas Rolli ;U Stadionu 401 1356;43401 Most 1;;;B;P;BI;P;;;;;;;;;;
48275426;202;Dmitrii;Dumih;;;91011921V1;50069651;776606225;d.dumih@ymail.com;bd. Moscovei;5;;;;;Moldavská republika;Dmitrii Dumih ;bd. Moscovei 5;      Chisinau;;MOLDAVSKÁ REPUBLIKA;Příběnická;977/8;;Praha;13000;;Česká republika;Dmitrii Dumih ;Příběnická 977/8;13000 Praha 3;;;B;P;BI;P;;;;;;;;;;
52326085;203;Petr;Jirásko;;;9007021364;114248864;723413160;p.jirasko@seznam.cz;Zavadilka;2538;;České Budějovice;;37005;Česká republika;Petr Jirásko ;Zavadilka 2538;37005 České Budějovice 5;;;Zavadilka;2538;;České Budějovice;37005;;Česká republika;Petr Jirásko ;Zavadilka 2538;37005 České Budějovice 5;;;B;P;BI;P;;;1;;;;;;;
81739425;204;Tomáš;Hrma;;;9110211220;114805472;724154019;tomashrma@gmail.com;Na Potůčku;716;;Sedlčany;;26401;Česká republika;Tomáš Hrma ;Na Potůčku 716;26401 Sedlčany;;;Na Potůčku;716;;Sedlčany;26401;;Česká republika;Tomáš Hrma ;Na Potůčku 716;26401 Sedlčany;;;B;P;BI;P;;;1;;;;;;;
36012541;205;Petr;Randus;;;9201221304;114137105;603956543;petrrandus@seznam.cz;Otavská;4;;České Budějovice;;37011;Česká republika;Petr Randus ;Otavská 4;37011 České Budějovice 11;;;Otavská;4;;České Budějovice;37011;;Česká republika;Petr Randus ;Otavská 4;37011 České Budějovice 11;;;B;P;BI;P;;;;;;;;;;
51973932;206;Jakub;Pilný;;;9212232986;111104050;724055964;pilny.jakub@seznam.cz;Františka Malíka;1012;;Most;;43401;Česká republika;Jakub Pilný ;Františka Malíka 1012;43401 Most 1;;;Františka Malíka;1012;;Most;43401;;Česká republika;Jakub Pilný ;Františka Malíka 1012;43401 Most 1;;;B;P;BI;P;;;;;;;;;;
42955138;207;Martin;Mazanec;;;8806120180;111680483;222362512;mazanma3@gmail.com;Levského;3222;;Praha;;14300;Česká republika;Martin Mazanec ;Levského 3222;14300 Praha 412;;;Levského;3222;;Praha;14300;;Česká republika;Martin Mazanec ;Levského 3222;14300 Praha 412;;;N;P;MI;P;;;;;;;;;;
40941671;208;Jaromír;Šída;;;9207060005;113005391;4,20724E+11;jsida@seznam.cz;Štichova;598;;Praha;;14900;Česká republika;Jaromír Šída ;Štichova 598;14900 Praha 415;;;Na Ladech;236;;Říčany;25101;;Česká republika;Jaromír Šída ;Na Ladech 236;25101 Říčany u Prahy;;;B;P;BI;P;;;;;;;;;;
22448437;209;Miroslav;Mašat;;;93042221V2;ST420399;949300154;miro.masat@gmail.com;Potočná;2;;;;4424;Slovenská republika;Miroslav Mašat ;Potočná 2;04424 Poproč;;SLOVENSKÁ REPUBLIKA;Potočná;2;;;4424;;Slovenská republika;Miroslav Mašat ;Potočná 2;04424 Poproč;;SLOVENSKÁ REPUBLIKA;B;P;BI;P;;;;;;;;;;
22494351;210;Michal;Majerčík;;;9212057030;ST 130545;421 910 491 564;majercik.miso@gmail.com;Nábrežie mládeže;83;;;;94901;Slovenská republika;Michal Majerčík ;Nábrežie mládeže 83;94901 Nitra;;SLOVENSKÁ REPUBLIKA;Nábrežie mládeže;83;;;94901;;Slovenská republika;Michal Majerčík ;Nábrežie mládeže 83;94901 Nitra;;SLOVENSKÁ REPUBLIKA;B;P;BI;P;;;;;1;;;;;
42853213;211;Robert;Kotlář;;;9206171612;110034144;607887878;rkotlik@gmail.com;Náchodská;2675;;Tábor;;39003;Česká republika;Robert Kotlář ;Náchodská 2675;39003 Tábor 3;;;Náchodská;2675;;Tábor;39003;;Česká republika;Robert Kotlář ;Náchodská 2675;39003 Tábor 3;;;B;P;BI;P;;;;;;;;;;
64940048;212;Karel;Dorazil;;;9103120191;114828511;4,20723E+11;kdorazka@seznam.cz;V Hodkovičkách;4/195;;Praha;;14700;Česká republika;Karel Dorazil ;V Hodkovičkách 4/195;14700 Praha 47;;;V Hodkovičkách;4/195;;Praha;14700;;Česká republika;Karel Dorazil ;V Hodkovičkách 4/195;14700 Praha 47;;;B;P;BI;P;;;1;;;;;;;
89363903;213;Matej;Hamaš;;;93080621V2;EA075671;4,21908E+11;matej.hamas@gmail.com;Ľubľanská;10;;;;83102;Slovenská republika;Matej Hamaš ;Ľubľanská 10;83102 Bratislava;;SLOVENSKÁ REPUBLIKA;Ľubľanská;10;;;83102;;Slovenská republika;Matej Hamaš ;Ľubľanská 10;83102 Bratislava;;SLOVENSKÁ REPUBLIKA;B;K;BI;P;;;;;1;;;;;
37261227;214;Roman;Jaroš;;;9307111946;113981055;728416555;asusacek@gmail.com;Bražec;50;;Bochov;;36471;Česká republika;Roman Jaroš ;Bražec 50;36471 Bochov;;;Bražec;50;;Bochov;36471;;Česká republika;Roman Jaroš ;Bražec 50;36471 Bochov;;;B;P;BI;P;;;;;;;;;;
85327216;215;Vojtěch;Aschenbrenner;Bc.;;8801132989;111227909;606304617;vojtech@aschenbrenner.cz;Stroupečská;2954;;Žatec;;43801;Česká republika;Bc.  Vojtěch Aschenbrenner ;Stroupečská 2954;43801 Žatec 1;;;Stroupečská;2954;;Žatec;43801;;Česká republika;Bc.  Vojtěch Aschenbrenner ;Stroupečská 2954;43801 Žatec 1;;;N;P;MI;P;;;1;;;;;;;
95314232;216;Tomáš;Rudolecký;Bc.;;8610313558;109390905;724215689;rudolecky.tomas@gmail.com;náměstí ČSA;4;;Jaroměř;;55101;Česká republika;Bc.  Tomáš Rudolecký ;náměstí ČSA 4;55101 Jaroměř 1;;;Ve Stromovce;714/4;;Hradec Králové;50011;;Česká republika;Bc.  Tomáš Rudolecký ;Ve Stromovce 714/4;50011 Hradec Králové 11;;;N;P;MI;P;;;;;;;;;;
85695404;217;Martin;Hlavatý;;;9301310733;111232217;737055123;M.HLAVATY@seznam.cz;Okružní;397;;Slaný;;27401;Česká republika;Martin Hlavatý ;Okružní 397;27401 Slaný 1;;;Okružní;397;;Slaný;27401;;Česká republika;Martin Hlavatý ;Okružní 397;27401 Slaný 1;;;B;P;BI;P;;;;;;;;;;
59995964;218;Jan;Bobek;;;9211270156;110894189;608340759;bobek.jan@centrum.cz;Jizerní Vtelno;98;;Jizerní Vtelno;;29431;Česká republika;Jan Bobek ;Jizerní Vtelno 98;29431 Krnsko;;;Jizerní Vtelno;98;;Jizerní Vtelno;29431;;Česká republika;Jan Bobek ;Jizerní Vtelno 98;29431 Krnsko;;;B;P;BI;P;;;;;;;;;;
17144352;219;Jan;Panchártek;;;9303153563;111379719;724240409;honza.pan@seznam.cz;K Zahrádkám;217;;Srch;;53352;Česká republika;Jan Panchártek ;K Zahrádkám 217;53352 Staré Hradiště u Pardubic;;;K Zahrádkám;217;;Srch;53352;;Česká republika;Jan Panchártek ;K Zahrádkám 217;53352 Staré Hradiště u Pardubic;;;B;P;BI;P;;;;;;;;;;
16911088;220;David;Passler;;;9305061755;115418192;775060585;david.passler@gmail.com;Pražského povstání;2302;;Tábor;;39003;Česká republika;David Passler ;Pražského povstání 2302;39003 Tábor 3;;;Pražského povstání;2302;;Tábor;39003;;Česká republika;David Passler ;Pražského povstání 2302;39003 Tábor 3;;;B;P;BI;P;;;;;;;;;;
31087722;221;Michal;Šrámek;;;9209180849;110421341;723270313;mich.sramek@gmail.com;Hrnčířská;1030;;Kolín;;28002;Česká republika;Michal Šrámek ;Hrnčířská 1030;28002 Kolín 2;;;Mikoláše Alše;253;;Kolín;28002;;Česká republika;Michal Šrámek ;Mikoláše Alše 253;28002 Kolín 2;;;B;P;BI;P;;;;;;;;;;
45919532;222;František;Haifler;;;9202101249;200025696;732246009;Fr.Haifler@gmail.com;Krinitova;2248;;Rakovník;;26901;Česká republika;František Haifler ;Krinitova 2248;26901 Rakovník 1;;;Krinitova;2248;;Rakovník;26901;;Česká republika;František Haifler ;Krinitova 2248;26901 Rakovník 1;;;B;P;BI;P;;;;;;;;;;
90059581;223;Anh;Nguyen Ngoc;;;9209131976;N1113890;721709065;nguyenngocanh47@gmail.com;U Nemocnice;853;;Ostrov;;36301;Česká republika;Anh Nguyen Ngoc ;U Nemocnice 853;36301 Ostrov nad Ohří;;;U Nemocnice;853;;Ostrov;36301;;Česká republika;Anh Nguyen Ngoc ;U Nemocnice 853;36301 Ostrov nad Ohří;;;B;P;BI;P;;;;;;;;;;
94011324;224;Radka;Pelantová;;;9355053422;111601037;737317399;radka.pelantova@gmail.com;Bačalky;59;;Bačalky;;50723;Česká republika;Radka Pelantová ;Bačalky 59;50723 Libáň;;;Bačalky;59;;Bačalky;50723;;Česká republika;Radka Pelantová ;Bačalky 59;50723 Libáň;;;B;P;BI;P;;;;;;;;;;
17957322;225;Petr;Tichý;;;9308022515;111707025;736615711;mrortis@email.cz;Folknáře;23;;Děčín;;40502;Česká republika;Petr Tichý ;Folknáře 23;40502 Děčín 2;;;Folknáře;23;;Děčín;40502;;Česká republika;Petr Tichý ;Folknáře 23;40502 Děčín 2;;;B;P;BI;P;;;;;;;;;;
80993448;226;Martin;Stejskal;;;9206083942;110061566;777198692;matan.stejskal@seznam.cz;28. října;645;;Žamberk;;56401;Česká republika;Martin Stejskal ;28. října 645;56401 Žamberk;;;28. října;645;;Žamberk;56401;;Česká republika;Martin Stejskal ;28. října 645;56401 Žamberk;;;B;P;BI;P;;;;;1;;;;;
38349460;227;Ivana;Kašpárková;;;9358122631;111696802;725894506;ivanka.ifanka@seznam.cz;Lhota u Příbramě;85;;Lhota u Příbramě;;26101;Česká republika;Ivana Kašpárková ;Lhota u Příbramě 85;26101 Příbram 1;;;Lhota u Příbramě;85;;Lhota u Příbramě;26101;;Česká republika;Ivana Kašpárková ;Lhota u Příbramě 85;26101 Příbram 1;;;B;P;BI;P;;;;;;;;;;
88511754;228;Pavel;Zajíc;;;9302260209;111245236;732238308;zajic@frisoft.cz;Boháčova;862;;Praha;;14900;Česká republika;Pavel Zajíc ;Boháčova 862;14900 Praha 415;;;Boháčova;862;;Praha;14900;;Česká republika;Pavel Zajíc ;Boháčova 862;14900 Praha 415;;;B;P;BI;P;;;;;;;;;;
44103765;229;Ondřej;Hrubý;;;9306221133;114815518;604153103;hrubon@hotmail.cz;Brozánská;120;;Praha;;19017;Česká republika;Ondřej Hrubý ;Brozánská 120;19017 Praha 917;;;Brozánská;120;;Praha;19017;;Česká republika;Ondřej Hrubý ;Brozánská 120;19017 Praha 917;;;B;P;BI;P;;;;;;;;;;
25420449;230;Václav;Baxa;;;9208081817;110236788;608463428;hbaxava@gmail.com;Pasečnice;12;;Pasečnice;;34401;Česká republika;Václav Baxa ;Pasečnice 12;34401 Domažlice 1;;;Pasečnice;12;;Pasečnice;34401;;Česká republika;Václav Baxa ;Pasečnice 12;34401 Domažlice 1;;;B;P;BI;P;;;;;;;;;;
32335381;231;Jan;Baxa;;;9208081828;1102367879;608425920;jencekk@email.cz;Pasečnice;12;;Pasečnice;;34401;Česká republika;Jan Baxa ;Pasečnice 12;34401 Domažlice 1;;;Pasečnice;12;;Pasečnice;34401;;Česká republika;Jan Baxa ;Pasečnice 12;34401 Domažlice 1;;;B;P;BI;P;;;;;;;;;;
42337063;232;Radek;Krejza;;;9212022985;110760912;777156451;Krejza26@seznam.cz;Moskevská;113;;Most;;43401;Česká republika;Radek Krejza ;Moskevská 113;43401 Most 1;;;Moskevská;113;;Most;43401;;Česká republika;Radek Krejza ;Moskevská 113;43401 Most 1;;;B;P;BI;P;;;;;;;;;;
44267061;233;Jan;Kubovic;;;9207200717;110244980;732878505;kubovicjan@seznam.cz;Unhošťská;128;;Kladno;;27201;Česká republika;Jan Kubovic ;Unhošťská 128;27201 Kladno 1;;;Unhošťská;128;;Kladno;27201;;Česká republika;Jan Kubovic ;Unhošťská 128;27201 Kladno 1;;;B;P;BI;P;;;;;;;;;;
86840280;234;Martin;Sakin;;;9303024456;111421652;721525150;martin.sakin@gmail.com;Smetanova;1141;;Zlín;;76302;Česká republika;Martin Sakin ;Smetanova 1141;76302 Zlín 4;;;Smetanova;1141;;Zlín;76302;;Česká republika;Martin Sakin ;Smetanova 1141;76302 Zlín 4;;;B;P;BI;P;;;;;;;;;;
43348203;235;Tereza;Herinková;;;9259220300;110514454;737039071;TerrySane@seznam.cz;Renoirova;649;;Praha;;15500;Česká republika;Tereza Herinková ;Renoirova 649;15500 Praha 515;;;Renoirova;649;;Praha;15500;;Česká republika;Tereza Herinková ;Renoirova 649;15500 Praha 515;;;B;P;BI;P;;;;;;;;;;
72796681;236;Jiří;Homan;;;9208141459;110289878;723378146;jirihoman@seznam.cz;Grünwaldova;1595;;České Budějovice;;37001;Česká republika;Jiří Homan ;Grünwaldova 1595;37001 České Budějovice 1;;;Grünwaldova;1595;;České Budějovice;37001;;Česká republika;Jiří Homan ;Grünwaldova 1595;37001 České Budějovice 1;;;B;P;BI;P;;;;;;;;;;
26273156;237;Martin;Tesař;;;9304201467;111542874;4,20605E+11;matty.tesar@gmail.com;Stará cesta;1090;;Vsetín;;75501;Česká republika;Martin Tesař ;Stará cesta 1090;75501 Vsetín 1;;;Stará cesta;1090;;Vsetín;75501;;Česká republika;Martin Tesař ;Stará cesta 1090;75501 Vsetín 1;;;B;P;BI;P;;;;;;;;;;
18055956;238;Martin;Doubek;;;9010033043;114318004;725001819;ceo@sy.pe;Husitská;73/76;;Krupka;;41741;Česká republika;Martin Doubek ;Husitská 73/76;41741 Krupka 3;;;Husitská;73/76;;Krupka;41741;;Česká republika;Martin Doubek ;Husitská 73/76;41741 Krupka 3;;;B;K;BI;P;;;1;;;;;;;
14944724;239;Yahor;Hulidzin;;;94060121V1;BM1833043;4,20776E+11;studentkrona@gmail.com;Chkalova 25/4/41;;;;;;Běloruská republika;Yahor Hulidzin ;Chkalova 25/4/41 ;      210032 Vitěbsk;;BĚLORUSKÁ REPUBLIKA;Děkanská 269/;11;;Praha;14000;;Česká republika;Yahor Hulidzin ;Děkanská 269/ 11;14000 Praha 4;;;B;P;BI;P;;;;;;;;;;
96214846;240;Stepan;Levchenko;;;89102121V2;N4958133;608373600;admin@vaclavak.ru;V - Kazachstanskaya;3;;;;;Republika Kazachstán;Stepan Levchenko ;V - Kazachstanskaya 3;      Ust- Kamenogorsk;;REPUBLIKA KAZACHSTÁN;Slévačská;774;;Praha;19800;;Česká republika;Stepan Levchenko ;Slévačská 774;19800 Praha 98;;;B;P;BI;P;;;;;;;;;;
24336870;241;Yevgeniya;Chekh;;;94622121V1;ET318085;4,20777E+11;Atriatal@gmail.com;Socialisticka;52;;;;;Ukrajina;Yevgeniya Chekh ;Socialisticka 52;      61093 Charkiv;;UKRAJINA;Slezská;1586;;Praha;13000;;Česká republika;Yevgeniya Chekh ;Slezská 1586;13000 Praha 3;;;B;P;BI;P;;;;;;;;;;
95965340;242;Tomáš;Volf;;;9302241795;111180046;4,20774E+11;volf.tomas@gmail.com;Náchodská;2673;;Tábor;;39003;Česká republika;Tomáš Volf ;Náchodská 2673;39003 Tábor 3;;;Náchodská;2673;;Tábor;39003;;Česká republika;Tomáš Volf ;Náchodská 2673;39003 Tábor 3;;;B;P;BI;P;;;;;;;;;;
83558403;243;Martin;Hlinovský;;;9206260602;110202820;720101656;hlinovsky.martin@gmail.com;Bezručova;1272;;Benešov;;25601;Česká republika;Martin Hlinovský ;Bezručova 1272;25601 Benešov u Prahy;;;Bezručova;1272;;Benešov;25601;;Česká republika;Martin Hlinovský ;Bezručova 1272;25601 Benešov u Prahy;;;B;P;BI;P;;;;;;;;;;
76704002;244;Ján;Zámečník;;;9007250967;114178827;607910587;zamecnik.honza@gmail.com;Hřbitovní;421;;Byšice;;27732;Česká republika;Ján Zámečník ;Hřbitovní 421;27732 Byšice;;;Hřbitovní;421;;Byšice;27732;;Česká republika;Ján Zámečník ;Hřbitovní 421;27732 Byšice;;;B;P;BI;P;;;1;;;;;;;
15602968;245;Jakub;Tomanek;;;9108295526;115349617;602393585;tomanekk@seznam.cz;Na Stráni;386;;Karviná;;73401;Česká republika;Jakub Tomanek ;Na Stráni 386;73401 Karviná 4;;;Na Stráni;386;;Karviná;73401;;Česká republika;Jakub Tomanek ;Na Stráni 386;73401 Karviná 4;;;B;P;BI;P;;;1;;;;;;;
93338648;246;Marek;Poláčik;;;8610308597;SH965615;776366606;mapolacik@gmail.com;Štúrova;26;;;;96001;Slovenská republika;Marek Poláčik ;Štúrova 26;96001 Zvolen;;SLOVENSKÁ REPUBLIKA;Pátkova;3;;Praha;18000;;Česká republika;Marek Poláčik ;Pátkova 3;18000 Praha 8;;;B;K;BI;P;;;1;;;;;;;
56396276;247;Matouš;Rokos;;;9208040149;113075605;724918620;matousrokos@windowslive.com;Rakovnická;567;;Kladno;;27204;Česká republika;Matouš Rokos ;Rakovnická 567;27204 Kladno 4;;;Rakovnická;567;;Kladno;27204;;Česká republika;Matouš Rokos ;Rakovnická 567;27204 Kladno 4;;;B;P;BI;P;;;;;;;;;;
24139516;248;Jan;Nohavica;;;9008142979;112133527;721260470;nohavicajan@gmail.com;Kpt. Jaroše;33/10;;Most;;43401;Česká republika;Jan Nohavica ;Kpt. Jaroše 33/10;43401 Most 1;;;Kpt. Jaroše;33/10;;Most;43401;;Česká republika;Jan Nohavica ;Kpt. Jaroše 33/10;43401 Most 1;;;N;P;MI;P;;;;;;;;;;
69230863;249;Martin;Babický;;;8910310827;113462769;737287723;martinbabicky@seznam.cz;Václavská;360;;Velim;;28101;Česká republika;Martin Babický ;Václavská 360;28101 Velim;;;Václavská;360;;Velim;28101;;Česká republika;Martin Babický ;Václavská 360;28101 Velim;;;N;P;MI;P;;;;;;;;;;
18937267;250;Yulia;Kucherova;;;87550321V3;634368054;4,20776E+11;jpk2006@yandex.ru;Volodarskoho;VII.39;;;;;Ruská federace;Yulia Kucherova ;Volodarskoho 7/39;      141983 Dubna;;RUSKÁ FEDERACE;José Martího;2/407;;Praha;16200;;Česká republika;Yulia Kucherova ;José Martího 2/407;16200 Praha 616;;;B;P;BI;P;;;;;;;;;;
99729783;251;Alexey;Tolkalov;;;88083021V2;634 195 660;4,20776E+11;tolkalovalex@gmail.com;Blagodarova;5 B;;;;;Ruská federace;Alexey Tolkalov ;Blagodarova 5 B;      410086 Saratov;;RUSKÁ FEDERACE;Pechlátova;340;;Praha;15000;;Česká republika;Alexey Tolkalov ;Pechlátova 340;15000 Praha 5;;;B;P;BI;P;;;1;1;;;82;;;
94502052;252;Kristýna;Ulrychová;;;9259180304;110467086;777550075;kristyna_ulrychova@centrum.cz;Průchova;1084;;Praha;;15000;Česká republika;Kristýna Ulrychová ;Průchova 1084;15000 Praha 5;;;Průchova;1084;;Praha;15000;;Česká republika;Kristýna Ulrychová ;Průchova 1084;15000 Praha 5;;;B;P;BI;P;;;;;1;;;;;
88627518;253;Jan;Jiráň;;;9202030596;115329787;732349716;jiran13@seznam.cz;Pod Školou;438;;Týnec nad Sázavou;;25741;Česká republika;Jan Jiráň ;Pod Školou 438;25741 Týnec nad Sázavou;;;Pod Školou;438;;Týnec nad Sázavou;25741;;Česká republika;Jan Jiráň ;Pod Školou 438;25741 Týnec nad Sázavou;;;B;P;BI;P;;;;;;;;;;
42612662;254;Michal;Milner;;;9304270294;111366686;720320180;m.milner@seznam.cz;Aloisovská;909;;Praha;;19800;Česká republika;Michal Milner ;Aloisovská 909;19800 Praha 98;;;Aloisovská;909;;Praha;19800;;Česká republika;Michal Milner ;Aloisovská 909;19800 Praha 98;;;B;P;BI;P;;;;;;;;;;
82802031;255;David;Vondraš;;;9303221818;111548905;776620030;david.vondras@gmail.com;Sokolská;665;;Kdyně;;34506;Česká republika;David Vondraš ;Sokolská 665;34506 Kdyně;;;Sokolská;665;;Kdyně;34506;;Česká republika;David Vondraš ;Sokolská 665;34506 Kdyně;;;B;P;BI;P;;;;;;;;;;
37299270;256;Tomáš;Markacz;;;9302202976;115780455;732814058;tomas.markacz@gmail.com;M. J. Husa 613;537;;Most;;43401;Česká republika;Tomáš Markacz ;M. J. Husa 613 537;43401 Most 1;;;M. J. Husa 613;537;;Most;43401;;Česká republika;Tomáš Markacz ;M. J. Husa 613 537;43401 Most 1;;;B;P;BI;P;;;;;;;;;;
26043586;257;Pavel;Brabec;;;9212223570;112028329;777119164;pavelbraba@gmail.com;Černá u Bohdanče;94;;Černá u Bohdanče;;53341;Česká republika;Pavel Brabec ;Černá u Bohdanče 94;53341 Lázně Bohdaneč;;;Černá u Bohdanče;94;;Černá u Bohdanče;53341;;Česká republika;Pavel Brabec ;Černá u Bohdanče 94;53341 Lázně Bohdaneč;;;B;P;BI;P;;;;;;;;;;
33630599;258;David;Sedláček;;;9301290174;111173325;4,20734E+11;dawid000@email.cz;Augustinova;2081;;Praha;;14800;Česká republika;David Sedláček ;Augustinova 2081;14800 Praha 414;;;Augustinova;2081;;Praha;14800;;Česká republika;David Sedláček ;Augustinova 2081;14800 Praha 414;;;B;P;BI;P;;;;;;;;;;
92070244;259;Martin;Feigl;;;8908130440;112976801;4,20778E+11;martin.feigl@gmail.com;Ke Stráni;299;;Tachlovice;;25217;Česká republika;Martin Feigl ;Ke Stráni 299;25217 Tachlovice;;;Ke Stráni;299;;Tachlovice;25217;;Česká republika;Martin Feigl ;Ke Stráni 299;25217 Tachlovice;;;B;P;BI;P;;;;;;;;;;
47086098;260;Milan;Piller;;;9304030670;111419226;723996824;milan821@seznam.cz;Košťálkova;1536;;Beroun;;26601;Česká republika;Milan Piller ;Košťálkova 1536;26601 Beroun 1;;;Košťálkova;1536;;Beroun;26601;;Česká republika;Milan Piller ;Košťálkova 1536;26601 Beroun 1;;;B;P;BI;P;;;;;;;;;;
35840960;261;Tomáš;Kyjovský;;;8606222581;108346863;4,20724E+11;kyjovsky.tomas@mail.ru;Jizerská;1234;;Varnsdorf;;40747;Česká republika;Tomáš Kyjovský ;Jizerská 1234;40747 Varnsdorf 1;;;Jizerská;1234;;Varnsdorf;40747;;Česká republika;Tomáš Kyjovský ;Jizerská 1234;40747 Varnsdorf 1;;;B;K;BI;P;;;;;;;;;;
47062236;262;Tomáš;Králík;;;9209240612;110458714;737451902;t.kralik92@gmail.com;Pod Tratí;62;;Lštění;;25722;Česká republika;Tomáš Králík ;Pod Tratí 62;25722 Čerčany;;;Pod Tratí;62;;Lštění;25722;;Česká republika;Tomáš Králík ;Pod Tratí 62;25722 Čerčany;;;B;P;BI;P;;;;;;;96;;;
64609894;263;Jakub;Láznička;;;9003170517;113626635;4,20733E+11;jakub@jiznak.cz;Metodějova;1466;;Praha;;14900;Česká republika;Jakub Láznička ;Metodějova 1466;14900 Praha 415;;;Metodějova;1466;;Praha;14900;;Česká republika;Jakub Láznička ;Metodějova 1466;14900 Praha 415;;;N;P;MI;P;;;;;;;;;;
